ID,RA,DEC,REGION,t25,t50,t75,g25,g50,g75,m25,m50,m75,a25,a50,a75,v25,v50,v75
2M03365224+3249019,54.217669,32.817219,IC348,3854.0,3868.0,3898.0,4.0,4.1,4.13,-0.12,-0.09,-0.07,-0.08,-0.07,-0.05,23.29,23.87,24.93
2M03365584+3302591,54.232693,33.049755,IC348,3330.0,3339.0,3404.0,3.59,3.62,3.7,-0.28,-0.25,-0.23,-0.07,-0.07,-0.04,16.53,17.33,18.75
2M03365655+3135326,54.235633,31.592398,IC348,3190.0,3229.0,3335.0,3.58,3.64,3.75,-0.15,0.0,0.02,-0.1,-0.09,-0.07,14.82,15.17,16.57
2M03374993+3241445,54.458058,32.695702,IC348,3568.0,3616.0,3662.0,3.84,3.89,4.05,-0.27,-0.15,-0.12,-0.09,-0.08,-0.06,19.24,19.61,20.62
2M03382269+3302517,54.594556,33.047695,IC348,3383.0,3435.0,3483.0,3.58,3.76,3.87,-0.21,-0.11,-0.05,-0.09,-0.08,-0.05,15.57,16.14,18.19
2M03385426+3258068,54.726085,32.968571,IC348,3916.0,3933.0,3992.0,4.22,4.26,4.33,-0.07,-0.03,0.01,-0.05,-0.04,-0.02,24.03,24.37,25.22
2M03410822+3313548,55.284258,33.231911,IC348,4273.0,4280.0,4316.0,3.94,3.95,4.01,-0.11,-0.1,-0.08,0.0,0.0,0.02,34.85,35.16,35.65
2M03414251+3118567,55.427162,31.315769,IC348,4422.0,4437.0,4480.0,4.0,4.03,4.12,-0.1,-0.08,-0.07,0.0,0.03,0.05,28.15,28.38,28.65
2M03420867+3228276,55.536136,32.474358,IC348,3340.0,3408.0,3493.0,3.69,3.83,3.93,-0.09,0.01,0.18,-0.09,-0.08,-0.06,19.15,19.84,21.18
2M03422824+3230479,55.617699,32.513313,IC348,3515.0,3524.0,3561.0,3.79,3.81,3.89,-0.01,0.0,0.03,-0.06,-0.05,-0.02,19.51,19.95,21.03
2M03424360+3159150,55.681701,31.987524,IC348,4649.0,4670.0,4801.0,4.08,4.13,4.21,-0.1,-0.09,-0.06,-0.03,-0.01,0.0,35.57,36.16,37.0
2M03431065+3235323,55.794385,32.592319,IC348,3651.0,3690.0,3767.0,4.08,4.13,4.22,-0.03,0.06,0.08,-0.06,-0.05,-0.03,15.02,15.31,16.53
2M03431433+3221430,55.809735,32.361954,IC348,3187.0,3225.0,3265.0,3.66,3.76,3.82,-0.34,-0.22,-0.07,-0.1,-0.09,-0.07,41.23,44.01,45.38
2M03434788+3217567,55.949526,32.29911,IC348,3729.0,3754.0,3800.0,3.81,3.89,4.02,-0.15,-0.11,-0.06,-0.06,-0.05,-0.02,14.54,14.81,15.76
2M03434875+3207332,55.953146,32.125916,IC348,3533.0,3551.0,3601.0,3.69,3.74,3.79,-0.05,-0.01,0.02,-0.09,-0.08,-0.05,12.09,13.94,14.86
2M03435622+3230178,55.984278,32.504955,IC348,3789.0,3852.0,3884.0,4.15,4.19,4.23,-0.15,-0.11,-0.09,-0.05,-0.04,-0.02,14.72,14.96,16.04
2M03440216+3219399,56.009038,32.327766,IC348,3765.0,3773.0,3840.0,3.91,3.94,4.04,-0.07,-0.05,-0.02,-0.07,-0.07,-0.04,19.24,19.38,20.36
2M03442023+3230228,56.084332,32.506344,IC348,3464.0,3472.0,3524.0,3.75,3.78,3.9,-0.12,-0.07,-0.04,-0.06,-0.05,-0.02,19.34,19.69,20.7
2M03442584+3307155,56.107683,33.120991,IC348,3667.0,3733.0,3769.0,4.11,4.16,4.22,-0.07,0.02,0.04,-0.07,-0.05,-0.03,13.48,14.35,15.02
2M03442766+3233495,56.115276,32.563755,IC348,3529.0,3542.0,3583.0,3.45,3.47,3.55,-0.37,-0.34,-0.31,-0.11,-0.1,-0.08,30.84,32.78,33.48
2M03444856+3157276,56.202342,31.957691,IC348,3364.0,3382.0,3466.0,3.59,3.69,3.8,-0.23,-0.2,-0.04,-0.1,-0.09,-0.06,16.12,16.99,19.01
2M03450577+3203080,56.274055,32.052246,IC348,4047.0,4069.0,4112.0,4.06,4.13,4.25,-0.16,-0.13,-0.1,-0.07,-0.06,-0.03,13.65,14.36,15.31
2M03451598+3230519,56.316608,32.514442,IC348,4323.0,4332.0,4386.0,3.8,3.83,3.92,-0.08,-0.07,-0.05,0.01,0.02,0.04,24.42,24.56,25.07
2M03452106+3218178,56.337768,32.304951,IC348,3256.0,3272.0,3355.75,3.69,3.72,3.82,0.0,0.01,0.07,-0.12,-0.1,-0.09,19.39,19.88,20.98
2M03452174+3232065,56.340614,32.53516,IC348,3380.25,3430.0,3485.0,3.67,3.76,3.9,-0.27,-0.23,-0.12,-0.06,-0.05,0.0,21.06,23.52,24.4
2M03452338+3224369,56.34742,32.410271,IC348,4135.0,4162.0,4198.0,4.11,4.16,4.2,-0.12,-0.1,-0.08,-0.04,0.0,0.01,14.75,14.95,15.74
2M03453439+3143553,56.393332,31.732054,IC348,3278.0,3305.0,3405.0,3.75,3.8,3.97,-0.09,-0.02,0.17,-0.07,-0.06,-0.03,22.19,23.61,25.07
2M03453551+3156257,56.397969,31.940475,IC348,3654.0,3661.0,3711.0,4.14,4.21,4.23,-0.17,-0.12,-0.11,-0.06,-0.05,-0.03,14.43,14.61,16.31
2M03454675+3228487,56.444812,32.480206,IC348,3466.0,3483.0,3555.0,3.71,3.77,3.89,-0.14,-0.06,-0.02,-0.08,-0.07,-0.03,13.09,14.39,15.24
2M03455520+3203516,56.480028,32.064339,IC348,3001.0,3012.0,3110.0,3.83,3.87,3.92,-0.54,-0.44,-0.42,-0.03,-0.02,0.01,24.72,25.2,25.99
2M03460521+3138519,56.521713,31.647758,IC348,3755.0,3776.0,3831.0,3.94,4.05,4.15,-0.09,-0.04,0.04,-0.06,-0.06,-0.02,14.6,14.88,16.19
2M03462127+3227177,56.588657,32.454922,IC348,3360.0,3424.0,3497.0,3.86,3.98,4.1,-0.05,0.14,0.22,-0.08,-0.06,-0.04,26.75,28.5,29.27
2M03463117+3230549,56.6299,32.515251,IC348,3324.0,3339.0,3406.0,3.65,3.69,3.77,-0.44,-0.34,-0.3,-0.06,-0.04,0.0,14.76,15.01,15.85
2M03464199+3234113,56.67497,32.569809,IC348,3515.0,3545.0,3599.0,3.95,4.02,4.09,-0.03,0.01,0.04,-0.07,-0.06,-0.04,14.5,14.73,15.57
2M03464646+3201493,56.693619,32.03038,IC348,4226.0,4287.0,4318.0,4.0,4.03,4.13,0.01,0.03,0.05,-0.01,0.04,0.05,22.16,23.7,23.85
2M03470540+3147054,56.772538,31.784834,IC348,3366.0,3440.0,3512.0,3.73,3.8,3.9,-0.02,0.03,0.15,-0.1,-0.09,-0.06,24.33,25.06,27.35
2M03482273+3153165,57.094714,31.887918,IC348,3310.0,3342.0,3461.0,3.82,3.99,4.12,-0.05,0.18,0.25,-0.1,-0.09,-0.06,15.57,16.78,19.61
2M03283173+3059158,52.132238,30.987741,NGC1333,4555.0,4572.0,4634.0,3.85,3.88,3.98,-0.16,-0.15,-0.13,0.02,0.04,0.05,29.91,30.25,30.98
2M03292222+3137281,52.342618,31.624483,NGC1333,4369.0,4374.0,4452.0,3.61,3.63,3.73,-0.13,-0.12,-0.1,0.03,0.04,0.06,25.66,25.94,26.75
2M03301614+3147595,52.567285,31.799868,NGC1333,3651.0,3674.0,3752.0,3.66,3.73,3.86,-0.26,-0.22,-0.17,-0.07,-0.05,-0.02,19.22,19.51,20.51
2M05331415-0611489,83.308986,-6.196922,OrionA,3461.0,3468.0,3538.0,3.86,3.88,3.98,-0.14,-0.09,-0.07,-0.05,-0.04,-0.02,13.72,14.28,14.73
2M05332216-0611538,83.342361,-6.198285,OrionA,3852.0,3869.0,3896.0,4.07,4.13,4.16,-0.11,-0.08,-0.06,-0.06,-0.05,-0.03,13.51,14.27,14.91
2M05332371-0609336,83.34881,-6.159338,OrionA,3756.0,3771.0,3858.0,3.7,3.73,3.78,-0.23,-0.19,-0.18,-0.07,-0.06,-0.04,26.91,28.26,28.97
2M05333178-0624171,83.382438,-6.404754,OrionA,3461.0,3472.0,3557.0,3.84,3.9,3.99,-0.25,-0.1,-0.08,-0.03,-0.02,0.03,14.59,14.77,15.57
2M05334368-0624287,83.43201,-6.407994,OrionA,4179.0,4200.0,4226.0,3.49,3.6,3.64,-0.21,-0.18,-0.16,-0.03,-0.02,-0.01,19.82,20.04,20.77
2M05334544-0657060,83.439337,-6.951681,OrionA,3550.0,3571.0,3667.0,3.71,3.77,3.88,-0.24,-0.13,-0.07,-0.07,-0.06,-0.02,14.36,14.6,15.56
2M05334651-0615167,83.443802,-6.254642,OrionA,4046.0,4072.0,4131.0,4.24,4.26,4.28,-0.05,-0.02,0.01,-0.08,-0.06,-0.04,15.29,15.64,16.66
2M05341474-0619181,83.561456,-6.32171,OrionA,3446.0,3464.0,3527.0,3.47,3.6,3.76,-0.24,-0.12,-0.04,-0.08,-0.07,-0.05,25.1,26.03,28.05
2M05341755-0603381,83.573161,-6.060599,OrionA,3559.0,3619.0,3677.0,3.81,3.99,4.12,-0.14,-0.09,-0.01,-0.07,-0.06,-0.03,14.45,14.79,15.81
2M05342429-0606555,83.601239,-6.115438,OrionA,3843.0,3853.0,3902.0,3.74,3.78,3.86,-0.13,-0.11,-0.07,-0.07,-0.05,-0.02,33.65,34.18,35.26
2M05342484-0644405,83.603526,-6.744608,OrionA,3283.0,3301.0,3364.0,3.76,3.81,3.96,-0.07,-0.01,0.1,-0.09,-0.09,-0.06,14.51,14.75,15.53
2M05342510-0643274,83.604616,-6.724297,OrionA,3757.0,3768.0,3851.0,3.97,4.03,4.07,-0.22,-0.18,-0.16,-0.06,-0.05,-0.03,20.94,21.36,22.81
2M05342800-0559524,83.616704,-5.997909,OrionA,4292.0,4302.0,4332.0,3.89,3.9,3.94,-0.12,-0.11,-0.1,0.03,0.04,0.05,24.73,24.87,25.36
2M05342808-0616131,83.617034,-6.27032,OrionA,3853.0,3871.0,3927.0,4.11,4.17,4.29,-0.1,-0.04,0.05,-0.05,-0.04,0.0,14.89,15.66,17.47
2M05342868-0622079,83.619535,-6.368877,OrionA,3531.0,3550.0,3628.0,3.74,3.76,3.87,0.0,0.03,0.07,-0.09,-0.08,-0.05,14.68,15.16,16.31
2M05343425-0602097,83.64273,-6.036033,OrionA,3328.0,3336.0,3427.0,3.83,3.86,3.91,0.11,0.21,0.25,-0.07,-0.06,-0.04,16.21,16.79,18.99
2M05343625-0604515,83.651049,-6.080974,OrionA,3419.0,3444.0,3487.0,3.51,3.58,3.66,-0.42,-0.39,-0.36,-0.02,0.01,0.05,33.9,34.55,35.29
2M05343859-0635564,83.660805,-6.599013,OrionA,3325.0,3338.0,3390.0,3.47,3.51,3.58,-0.32,-0.28,-0.24,-0.09,-0.08,-0.07,14.83,15.02,16.42
2M05350292-0605252,83.762204,-6.090336,OrionA,3654.0,3665.0,3773.0,3.69,3.72,3.8,-0.14,-0.1,-0.08,-0.08,-0.08,-0.04,19.0,19.16,20.0
2M05350869-0605024,83.786247,-6.084015,OrionA,4296.0,4302.0,4344.0,3.99,4.0,4.04,-0.15,-0.14,-0.12,0.05,0.06,0.08,19.32,19.43,19.91
2M05351790-0648540,83.824622,-6.815016,OrionA,4140.0,4148.0,4208.0,3.78,3.8,3.91,-0.11,-0.1,-0.08,-0.06,-0.05,-0.04,14.66,14.75,15.46
2M05351798-0604430,83.824949,-6.078617,OrionA,4363.0,4374.0,4508.0,3.87,4.02,4.18,0.01,0.04,0.08,0.0,0.03,0.07,19.16,19.48,20.6
2M05352511-0557392,83.854651,-5.960901,OrionA,4161.0,4188.0,4240.0,3.74,3.78,3.88,0.0,0.02,0.03,-0.03,-0.02,0.03,19.06,19.24,19.67
2M05353285-0652385,83.886912,-6.877385,OrionA,4373.0,4414.0,4502.0,3.7,3.74,3.84,-0.28,-0.25,-0.23,-0.08,-0.05,-0.03,35.61,36.62,37.91
2M05355922-0649519,83.996777,-6.831093,OrionA,3265.0,3273.0,3357.0,3.58,3.62,3.91,-0.64,-0.58,-0.54,-0.03,-0.02,0.0,13.81,14.27,14.48
2M05360421-0620440,84.017545,-6.345562,OrionA,6250.0,6288.0,6366.0,3.55,3.58,3.69,-0.32,-0.3,-0.26,0.05,0.08,0.1,23.62,23.8,24.1
2M05361315-0625411,84.05481,-6.428091,OrionA,3485.0,3496.0,3584.0,3.96,4.05,4.09,-0.2,-0.04,-0.03,-0.04,-0.03,0.01,15.2,15.54,16.87
2M05361769-0628364,84.073748,-6.476779,OrionA,3477.0,3524.0,3575.0,3.63,3.68,3.76,-0.07,0.02,0.04,-0.09,-0.08,-0.05,15.56,16.77,18.79
2M05361833-0613597,84.07638,-6.233253,OrionA,4627.0,4640.0,4691.0,4.13,4.17,4.19,-0.08,-0.06,-0.05,0.0,0.02,0.03,14.87,14.99,15.58
2M05362810-0644326,84.117101,-6.742391,OrionA,3715.0,3728.0,3754.0,3.85,3.88,3.91,-0.31,-0.27,-0.25,-0.05,-0.04,0.0,35.92,36.53,37.67
2M05374278-0640161,84.42829,-6.671145,OrionA,4333.0,4343.0,4383.0,3.73,3.75,3.79,-0.06,-0.05,-0.04,0.01,0.02,0.04,27.93,28.28,28.47
2M05380421-0515274,84.517568,-5.257634,OrionA,3340.0,3356.0,3421.0,3.43,3.54,3.63,-0.28,-0.18,-0.13,-0.07,-0.07,-0.04,24.16,25.19,27.44
2M05381807-0505019,84.575332,-5.083883,OrionA,3766.0,3821.0,3874.0,3.71,3.78,3.82,-0.18,-0.14,-0.12,-0.1,-0.09,-0.06,15.61,15.91,18.32
2M05382321-0719337,84.596723,-7.326051,OrionA,3524.0,3529.0,3597.0,3.55,3.58,3.72,-0.3,-0.28,-0.24,-0.07,-0.06,-0.02,27.15,28.23,28.82
2M05382347-0733083,84.597806,-7.55232,OrionA,3369.0,3398.0,3467.75,3.15,3.28,3.46,-0.61,-0.54,-0.46,0.04,0.08,0.13,40.47,44.28,47.0
2M05383009-0639416,84.625413,-6.661574,OrionA,3351.0,3377.0,3455.0,3.92,4.11,4.15,0.03,0.18,0.21,-0.07,-0.05,-0.03,14.23,14.53,15.38
2M05385833-0649116,84.743059,-6.819894,OrionA,3947.0,3964.0,3997.0,3.61,3.65,3.69,-0.24,-0.22,-0.21,-0.04,-0.03,-0.01,43.86,44.88,45.23
2M05394385-0753538,84.932716,-7.898281,OrionA,3130.0,3136.0,3232.0,3.15,3.17,3.21,-0.29,-0.24,-0.23,-0.09,-0.09,-0.07,25.03,25.28,26.73
2M05394691-0743181,84.945462,-7.721717,OrionA,3144.0,3177.0,3244.0,3.08,3.15,3.24,-0.5,-0.43,-0.28,-0.12,-0.1,-0.08,16.09,17.24,19.14
2M05395441-0709260,84.976735,-7.157239,OrionA,3069.0,3076.0,3170.0,3.08,3.12,3.17,-0.34,-0.26,-0.25,-0.07,-0.06,-0.04,19.0,19.39,20.25
2M05403387-0813179,85.141131,-8.221654,OrionA,3425.0,3441.0,3488.0,3.39,3.44,3.54,-0.27,-0.22,-0.15,-0.11,-0.1,-0.08,16.34,17.16,19.04
2M05403777-0737515,85.157399,-7.630985,OrionA,3971.0,4033.0,4068.0,4.01,4.12,4.16,-0.2,-0.15,-0.13,-0.07,-0.06,-0.03,20.35,20.9,22.48
2M05410007-0813548,85.250319,-8.231892,OrionA,3075.0,3082.0,3172.0,3.0,3.08,3.12,-0.36,-0.27,-0.25,-0.05,-0.05,-0.01,20.93,21.55,23.35
2M05410631-0745386,85.276302,-7.760744,OrionA,3664.0,3674.0,3764.0,3.52,3.6,3.63,-0.2,-0.17,-0.15,-0.1,-0.09,-0.07,30.33,30.99,32.98
2M05411326-0915062,85.305285,-9.251747,OrionA,4540.0,4555.0,4589.0,3.75,3.76,3.78,-0.04,-0.03,-0.01,0.03,0.04,0.05,42.2,42.74,42.9
2M05411838-0743133,85.326606,-7.720362,OrionA,3965.0,3980.0,4070.0,4.05,4.1,4.16,-0.1,-0.07,-0.04,-0.05,-0.05,0.0,19.01,19.2,20.01
2M05411902-0917551,85.329279,-9.298658,OrionA,5311.0,5345.0,5378.0,3.71,3.75,3.8,-0.14,-0.12,-0.1,-0.05,-0.03,0.0,20.08,20.23,20.84
2M05412033-0815231,85.334727,-8.256435,OrionA,3426.0,3456.0,3500.0,3.69,3.76,3.85,0.02,0.07,0.19,-0.11,-0.1,-0.09,41.03,43.19,44.51
2M05414464-0804385,85.436038,-8.077378,OrionA,3778.0,3791.0,3866.0,3.8,3.89,3.92,-0.03,0.0,0.02,-0.1,-0.09,-0.06,23.84,24.1,24.75
2M05414979-0835080,85.457488,-8.585575,OrionA,4471.0,4488.0,4577.0,3.94,4.01,4.08,-0.35,-0.33,-0.31,0.01,0.03,0.06,19.05,19.2,19.7
2M05420860-0822137,85.535872,-8.370496,OrionA,3960.0,4100.0,4152.0,3.65,3.75,3.82,-0.09,-0.06,0.0,-0.06,0.03,0.08,20.35,20.95,23.53
2M05421815-0758500,85.575653,-7.980573,OrionA,5961.0,6437.0,7187.0,3.4,3.87,4.48,-1.01,-0.32,0.27,-0.52,-0.28,-0.07,15.39,25.64,37.27
2M05422265-0823558,85.594411,-8.398861,OrionA,3535.0,3556.0,3607.0,3.65,3.78,3.84,-0.31,-0.18,-0.15,-0.08,-0.07,-0.04,28.61,29.21,30.75
2M05423146-0817439,85.631094,-8.295543,OrionA,4156.0,4169.0,4192.0,3.83,3.9,3.95,-0.13,-0.1,-0.09,0.09,0.11,0.13,16.48,18.95,19.25
2M05423293-0813259,85.637216,-8.223865,OrionA,3857.0,3880.0,3980.0,3.59,3.69,3.71,-0.3,-0.24,-0.22,-0.06,-0.05,0.01,16.25,17.12,19.07
2M05433863-0857579,85.910991,-8.966094,OrionA,4619.0,4627.0,4814.0,4.25,4.3,4.39,0.08,0.1,0.12,-0.01,0.01,0.06,32.87,33.32,33.96
2M05434162-0853264,85.923445,-8.890668,OrionA,3686.0,3737.0,3772.0,4.01,4.14,4.29,-0.28,-0.22,-0.13,-0.09,-0.07,-0.04,19.21,20.05,21.65
2M03174209+4901465,49.425376,49.02961,aPerseo,5502.0,5690.0,5778.0,4.53,4.61,4.65,0.1,0.21,0.26,-0.2,-0.15,-0.09,14.82,15.39,16.7
2M03180855+4918551,49.535666,49.315311,aPerseo,3674.0,3735.0,3791.0,4.58,4.63,4.65,-0.34,-0.24,-0.19,-0.28,-0.28,-0.24,41.86,42.87,43.81
2M03182309+4928026,49.596236,49.467415,aPerseo,3431.0,3500.0,3569.0,4.38,4.44,4.55,-0.01,0.1,0.14,-0.1,-0.08,-0.05,24.29,25.5,27.42
2M03185031+4943522,49.709626,49.731171,aPerseo,6036.0,6148.0,6267.0,4.36,4.43,4.49,0.12,0.21,0.26,-0.07,0.01,0.08,16.41,18.46,19.27
2M03195767+4952069,49.990318,49.868584,aPerseo,6236.0,6778.0,6816.0,4.35,4.36,4.37,-0.02,0.44,0.46,0.74,0.78,0.79,24.72,40.9,42.02
2M03205158+4927574,50.214937,49.465965,aPerseo,4661.5,4977.0,5153.5,4.46,4.55,4.63,0.04,0.11,0.16,0.01,0.07,0.12,19.71,20.77,22.88
2M03210651+4826127,50.277129,48.436867,aPerseo,4863.0,4934.0,4972.0,4.55,4.59,4.61,0.12,0.15,0.17,0.06,0.1,0.12,15.37,15.95,16.66
2M03212020+4845270,50.334205,48.757526,aPerseo,5213.0,5245.0,5301.0,4.47,4.5,4.54,-0.02,0.0,0.02,0.03,0.05,0.08,15.15,15.69,16.28
2M03212217+4957033,50.342416,49.95092,aPerseo,4340.5,4457.0,4705.0,4.51,4.68,4.75,-0.03,0.04,0.12,-0.07,0.02,0.12,18.74,20.67,23.32
2M03233662+4858533,50.902616,48.981487,aPerseo,4681.0,4708.0,4891.0,4.53,4.56,4.6,-0.01,0.02,0.06,-0.03,-0.02,0.02,16.75,17.31,19.04
2M03235988+4958017,50.999508,49.967148,aPerseo,4111.0,4172.5,4247.75,4.41,4.45,4.53,-0.09,-0.05,0.03,-0.04,0.03,0.07,19.43,20.9,22.3
2M03245586+5001516,51.232762,50.031002,aPerseo,5028.0,5071.0,5216.0,4.39,4.42,4.52,0.01,0.04,0.09,0.07,0.1,0.12,14.71,15.08,15.62
2M03250326+4906424,51.263596,49.111778,aPerseo,3313.0,3437.0,3502.0,4.5,4.64,4.7,0.0,0.07,0.24,-0.1,-0.03,0.14,37.56,43.75,47.28
2M03251623+4822239,51.317631,48.373322,aPerseo,4926.0,5016.0,5115.0,4.51,4.55,4.59,-0.17,-0.15,-0.11,0.03,0.08,0.12,15.32,16.39,17.47
2M03253763+5019179,51.406812,50.321659,aPerseo,6346.0,6365.0,6386.0,4.2,4.21,4.24,-0.12,-0.11,-0.09,-0.01,0.02,0.03,40.14,40.97,41.35
2M03255394+4831089,51.47479,48.519157,aPerseo,4602.0,4705.0,4890.0,4.53,4.63,4.69,0.08,0.12,0.16,0.04,0.14,0.2,18.87,19.69,21.09
2M03261265+4809088,51.552724,48.152451,aPerseo,4865.0,4932.0,5068.0,4.39,4.48,4.58,0.06,0.09,0.15,0.0,0.07,0.13,12.55,14.17,14.91
2M03261639+4850284,51.568321,48.841232,aPerseo,4594.0,4640.0,4818.0,4.45,4.49,4.56,0.01,0.05,0.09,0.12,0.17,0.2,24.96,27.49,28.72
2M03261935+4913325,51.580658,49.225712,aPerseo,5393.0,5452.0,5529.0,4.46,4.49,4.51,-0.08,-0.05,-0.02,-0.06,-0.03,-0.01,18.89,19.07,19.35
2M03262532+4820068,51.605541,48.335247,aPerseo,5212.0,5323.0,5501.0,4.4,4.47,4.57,0.04,0.09,0.17,-0.1,-0.05,0.01,15.11,16.55,18.36
2M03263370+5013545,51.640418,50.231815,aPerseo,5349.0,5453.0,5541.0,4.39,4.47,4.51,0.03,0.07,0.11,-0.16,-0.12,-0.06,19.94,20.49,21.38
2M03264086+4957348,51.670284,49.959675,aPerseo,3376.25,3420.0,3480.0,4.47,4.54,4.61,-0.13,-0.05,0.06,-0.07,-0.05,-0.03,15.77,16.81,18.27
2M03280080+4900009,52.003367,49.000256,aPerseo,4683.0,4730.0,4842.0,4.61,4.65,4.68,0.0,0.04,0.06,-0.01,0.02,0.05,14.6,15.0,15.68
2M03290826+4810508,52.284423,48.180779,aPerseo,6229.0,6286.0,6384.0,4.25,4.32,4.37,-0.13,-0.1,-0.05,-0.13,-0.1,-0.07,31.05,32.19,33.88
2M03292669+4920354,52.36122,49.343178,aPerseo,4526.0,4620.0,4644.0,4.57,4.61,4.65,-0.07,-0.06,-0.03,0.15,0.2,0.23,19.27,19.87,20.64
2M03304187+4903021,52.674489,49.050598,aPerseo,5039.0,5235.0,5507.0,4.32,4.44,4.56,-0.05,0.05,0.18,-0.21,0.02,0.14,31.18,34.64,37.72
2M03304760+4753216,52.698337,47.889347,aPerseo,5579.5,5697.0,5844.0,4.37,4.48,4.54,-0.07,-0.01,0.06,-0.15,-0.09,-0.02,39.59,40.89,43.02
2M05183839-0208303,79.659998,-2.141752,OrionBOB1,4317.0,4323.0,4361.0,3.75,3.76,3.8,-0.08,-0.07,-0.05,0.02,0.02,0.04,25.37,25.58,26.08
2M05195766-0301262,79.990277,-3.023965,OrionBOB1,4373.0,4415.0,4486.0,4.05,4.12,4.23,0.01,0.04,0.06,0.0,0.01,0.04,19.3,19.49,19.92
2M05201480-0225456,80.061696,-2.429343,OrionBOB1,4542.0,4610.0,4636.0,4.12,4.18,4.27,-0.03,0.0,0.04,0.04,0.06,0.08,20.73,21.02,22.17
2M05201885-0149010,80.078555,-1.816954,OrionBOB1,4413.0,4434.0,4468.0,4.11,4.13,4.16,-0.08,-0.06,-0.05,0.03,0.06,0.07,18.89,19.13,19.45
2M05205489+0102022,80.228738,1.033969,OrionBOB1,4372.0,4396.0,4467.0,3.98,4.05,4.13,-0.02,0.01,0.04,-0.01,0.0,0.02,23.72,23.94,24.44
2M05213596-0021273,80.399856,-0.357608,OrionBOB1,4150.0,4173.0,4227.0,4.12,4.2,4.26,-0.08,-0.06,-0.04,-0.06,-0.05,-0.03,16.08,16.44,17.59
2M05214525-0301275,80.438573,-3.024327,OrionBOB1,4173.0,4192.0,4267.0,4.09,4.12,4.16,-0.1,-0.08,-0.07,-0.04,-0.01,0.01,14.56,14.71,15.38
2M05214888+0103326,80.453681,1.059079,OrionBOB1,5999.0,6018.0,6116.0,3.67,3.69,3.79,-0.36,-0.35,-0.3,-0.03,0.01,0.03,40.58,42.77,43.78
2M05214914+0035156,80.454765,0.587694,OrionBOB1,4665.0,4686.0,4720.5,4.02,4.07,4.12,-0.05,-0.04,-0.02,0.04,0.06,0.07,35.25,35.69,36.22
2M05215832+0112140,80.493005,1.203896,OrionBOB1,3531.0,3544.0,3599.0,3.53,3.57,3.74,-0.45,-0.41,-0.35,-0.13,-0.12,-0.1,24.71,26.05,29.96
2M05220307+0107141,80.512798,1.120588,OrionBOB1,4154.0,4185.0,4221.0,4.06,4.11,4.14,-0.09,-0.07,-0.06,-0.04,-0.01,0.02,15.12,15.37,16.33
2M05222112-0029129,80.588031,-0.486917,OrionBOB1,4165.0,4201.0,4237.0,4.11,4.15,4.25,-0.14,-0.12,-0.09,-0.04,-0.03,-0.01,19.42,19.75,20.41
2M05222482+0002342,80.603452,0.042836,OrionBOB1,4064.0,4088.0,4136.0,4.04,4.11,4.25,-0.12,-0.07,-0.01,-0.04,-0.03,0.02,14.52,14.67,15.43
2M05223796-0006011,80.658199,-0.10033,OrionBOB1,4298.0,4309.0,4373.0,4.16,4.18,4.22,-0.09,-0.09,-0.07,-0.01,-0.01,0.03,14.73,14.85,15.55
2M05223808-0021336,80.65869,-0.359352,OrionBOB1,4137.0,4144.0,4193.0,3.76,3.78,3.88,-0.17,-0.16,-0.14,-0.03,-0.03,-0.01,34.18,34.46,35.28
2M05224489-0102322,80.687073,-1.042283,OrionBOB1,3737.0,3761.0,3797.0,3.89,3.98,4.11,-0.16,-0.11,-0.07,-0.09,-0.08,-0.06,15.31,15.83,17.42
2M05225965+0120089,80.748562,1.335829,OrionBOB1,3852.0,3864.0,3902.0,4.13,4.17,4.21,-0.08,-0.04,-0.02,-0.08,-0.07,-0.05,17.09,18.53,19.47
2M05230324-0129167,80.763501,-1.487996,OrionBOB1,3934.0,3953.0,4011.0,4.05,4.11,4.2,-0.17,-0.15,-0.11,-0.07,-0.07,-0.04,22.55,23.74,24.48
2M05231479-0050586,80.811641,-0.849619,OrionBOB1,3990.0,4052.0,4085.0,4.2,4.26,4.3,-0.11,-0.07,-0.05,-0.04,-0.02,0.01,14.32,14.48,15.39
2M05232199+0344559,80.841665,3.748866,OrionBOB1,3755.0,3770.0,3815.0,4.12,4.16,4.2,-0.05,0.01,0.05,-0.07,-0.06,-0.03,14.81,15.1,16.51
2M05232286-0133286,80.845278,-1.557954,OrionBOB1,3831.0,3859.0,3901.0,4.01,4.08,4.14,-0.15,-0.12,-0.09,-0.07,-0.06,-0.04,36.58,37.84,38.5
2M05233430-0157097,80.89292,-1.952712,OrionBOB1,3877.0,3882.0,3961.0,4.51,4.6,4.62,0.12,0.19,0.2,-0.06,-0.05,-0.02,15.59,15.97,18.31
2M05233550+0135409,80.897925,1.594722,OrionBOB1,3758.0,3783.0,3850.0,4.09,4.16,4.24,-0.21,-0.17,-0.14,-0.06,-0.05,-0.04,14.61,14.84,15.9
2M05234159+0001547,80.923298,0.031877,OrionBOB1,4637.0,4655.0,4712.5,3.98,4.03,4.13,-0.09,-0.07,-0.05,0.08,0.09,0.11,18.88,19.06,19.28
2M05234607+0032281,80.941996,0.541157,OrionBOB1,4554.0,4568.0,4634.0,4.07,4.09,4.25,-0.03,-0.02,0.04,0.03,0.05,0.06,33.44,33.64,34.33
2M05234715-0043587,80.94646,-0.732984,OrionBOB1,4389.0,4419.0,4444.0,4.11,4.16,4.18,-0.11,-0.09,-0.07,0.01,0.05,0.07,14.92,15.14,15.94
2M05235154+0103250,80.964774,1.05696,OrionBOB1,3945.0,3979.0,4101.0,4.09,4.16,4.22,-0.16,-0.12,-0.08,-0.07,-0.06,-0.03,14.95,15.41,16.71
2M05235850+0021053,80.993761,0.351482,OrionBOB1,4465.0,4482.0,4618.0,4.04,4.07,4.25,-0.02,0.0,0.07,0.01,0.03,0.05,21.04,21.45,22.49
2M05240075-0212416,81.003145,-2.211556,OrionBOB1,4105.0,4121.0,4158.0,3.73,3.76,3.8,-0.16,-0.14,-0.13,-0.01,0.0,0.02,19.32,19.49,20.06
2M05240229+0153213,81.009549,1.889264,OrionBOB1,3623.0,3655.0,3730.0,4.06,4.16,4.23,-0.1,-0.01,0.01,-0.08,-0.06,-0.03,14.56,14.87,15.96
2M05240425+0148303,81.017725,1.808425,OrionBOB1,3521.0,3551.0,3629.0,3.89,4.01,4.11,-0.02,0.03,0.08,-0.09,-0.07,-0.05,14.64,15.19,16.24
2M05240756+0138416,81.03153,1.644913,OrionBOB1,3520.0,3527.0,3609.75,3.79,3.81,3.91,-0.01,0.0,0.03,-0.1,-0.1,-0.07,15.25,15.48,16.87
2M05240873+0108109,81.03641,1.136366,OrionBOB1,4490.0,4512.0,4575.0,3.86,3.9,3.98,-0.07,-0.06,-0.04,-0.01,0.0,0.02,25.67,25.97,26.67
2M05241035+0144074,81.043147,1.735392,OrionBOB1,3918.0,3928.0,4004.0,4.18,4.22,4.26,-0.08,-0.06,-0.01,-0.05,-0.05,-0.02,14.78,14.95,16.11
2M05241048-0131503,81.043669,-1.530654,OrionBOB1,4425.0,4434.0,4485.0,4.17,4.2,4.26,-0.02,-0.01,0.02,0.02,0.03,0.06,15.28,15.44,16.19
2M05241054+0111386,81.043951,1.194056,OrionBOB1,3525.0,3529.0,3605.0,3.85,3.87,3.91,-0.03,0.0,0.02,-0.12,-0.11,-0.09,19.32,19.62,20.8
2M05241184+0122021,81.049357,1.367254,OrionBOB1,4368.0,4374.0,4458.0,3.92,3.95,4.08,-0.07,-0.07,-0.04,-0.01,0.0,0.04,23.52,23.7,23.97
2M05241763+0102157,81.07346,1.037717,OrionBOB1,4666.0,4677.0,4780.0,3.96,3.98,4.04,-0.16,-0.15,-0.12,0.02,0.03,0.04,23.66,23.8,24.05
2M05242526+0008517,81.105278,0.147709,OrionBOB1,4127.0,4149.0,4197.0,4.13,4.2,4.25,-0.07,-0.05,0.01,-0.05,-0.04,0.0,14.51,14.69,15.42
2M05243017-0143174,81.125723,-1.721521,OrionBOB1,4040.0,4058.0,4104.0,4.22,4.29,4.33,-0.05,0.03,0.04,-0.04,-0.03,-0.01,15.68,16.79,18.33
2M05243267+0000129,81.136144,0.003603,OrionBOB1,3983.5,4069.0,4109.0,4.07,4.21,4.27,-0.07,0.03,0.05,-0.07,-0.05,-0.03,19.12,19.34,19.95
2M05243566+0110191,81.148594,1.171975,OrionBOB1,4778.0,4803.0,4862.0,4.2,4.24,4.25,-0.09,-0.07,-0.05,0.03,0.05,0.07,23.31,23.67,23.98
2M05243993+0121408,81.166413,1.361338,OrionBOB1,3937.0,4030.0,4070.0,4.22,4.5,4.68,-0.1,0.04,0.1,-0.06,-0.05,-0.01,12.77,14.39,15.74
2M05244353-0247129,81.181391,-2.78694,OrionBOB1,5588.0,5602.0,5635.0,3.94,3.98,4.04,-0.11,-0.1,-0.08,-0.01,0.01,0.03,15.0,15.1,15.66
2M05244957+0250283,81.206556,2.841222,OrionBOB1,4454.0,4460.0,4529.0,4.07,4.1,4.12,-0.07,-0.06,-0.04,0.04,0.05,0.07,24.27,24.48,24.98
2M05245227+0138439,81.217796,1.645528,OrionBOB1,4288.0,4299.0,4338.0,4.14,4.17,4.25,-0.08,-0.07,-0.05,-0.02,-0.01,0.0,16.21,16.5,17.64
2M05245544-0253183,81.231028,-2.888437,OrionBOB1,3708.0,3758.5,3793.0,3.85,3.95,4.12,-0.15,-0.1,-0.02,-0.08,-0.07,-0.05,14.69,15.15,16.3
2M05250874+0145542,81.286433,1.765068,OrionBOB1,4309.0,4318.0,4364.0,4.12,4.15,4.19,-0.15,-0.14,-0.13,-0.04,-0.03,-0.02,14.83,14.93,15.69
2M05251341-0124370,81.305911,-1.410293,OrionBOB1,3761.0,3771.0,3824.0,4.12,4.16,4.19,-0.07,-0.04,0.0,-0.07,-0.06,-0.04,16.3,16.93,18.77
2M05251394+0143313,81.308116,1.725368,OrionBOB1,3851.0,3859.0,3908.0,4.19,4.23,4.25,-0.11,-0.08,-0.05,-0.07,-0.06,-0.04,12.35,14.2,14.75
2M05251672+0116158,81.319692,1.271074,OrionBOB1,3434.0,3443.0,3531.0,3.4,3.46,3.58,-0.51,-0.43,-0.36,-0.09,-0.08,-0.06,31.58,37.96,38.92
2M05251705+0148223,81.321054,1.806205,OrionBOB1,4431.0,4440.0,4503.0,3.93,3.96,4.04,-0.09,-0.08,-0.06,0.0,0.0,0.02,18.94,19.06,19.38
2M05252037-0158368,81.334911,-1.97691,OrionBOB1,4173.0,4198.0,4290.0,4.07,4.13,4.19,-0.2,-0.16,-0.13,0.0,0.02,0.06,19.06,19.36,19.87
2M05252125+0146555,81.338569,1.782086,OrionBOB1,3752.0,3757.0,3806.0,4.21,4.23,4.25,-0.11,-0.07,-0.06,-0.07,-0.06,-0.04,15.13,15.37,17.08
2M05252805+0137175,81.366885,1.621536,OrionBOB1,3999.0,4111.0,4145.0,3.89,3.97,4.01,-0.17,-0.15,-0.13,-0.1,-0.06,-0.04,43.25,44.14,44.96
2M05253643+0121245,81.401796,1.356808,OrionBOB1,3418.0,3451.0,3486.0,3.57,3.59,3.74,-0.2,-0.18,-0.11,-0.1,-0.09,-0.07,34.34,35.07,35.92
2M05253785+0026038,81.407727,0.434406,OrionBOB1,4592.0,4610.0,4682.0,3.83,3.88,3.97,-0.07,-0.06,-0.04,0.0,0.01,0.02,33.16,33.32,33.64
2M05253888+0201299,81.412012,2.024977,OrionBOB1,4198.0,4211.0,4303.0,4.08,4.11,4.16,-0.11,-0.1,-0.08,-0.04,-0.02,-0.01,20.25,20.5,21.31
2M05253994+0140211,81.416426,1.672528,OrionBOB1,3457.0,3469.0,3519.0,3.77,3.8,3.9,-0.08,-0.05,-0.01,-0.09,-0.08,-0.05,14.56,14.72,15.7
2M05255041+0019001,81.460065,0.316722,OrionBOB1,4363.0,4372.0,4427.0,3.88,3.92,3.99,-0.11,-0.1,-0.08,0.01,0.01,0.04,28.81,29.06,29.51
2M05255075+0047489,81.461485,0.796934,OrionBOB1,5705.0,5745.0,5753.0,3.87,3.91,3.94,-0.28,-0.25,-0.25,-0.22,-0.2,-0.18,33.61,33.92,34.39
2M05260277-0206418,81.511554,-2.111619,OrionBOB1,4467.0,4478.0,4606.0,4.02,4.06,4.27,-0.01,0.0,0.06,0.05,0.07,0.09,43.55,44.33,45.01
2M05260369-0152054,81.515382,-1.868181,OrionBOB1,3866.0,3879.0,3938.0,4.04,4.09,4.12,-0.08,-0.06,-0.04,-0.06,-0.06,-0.03,33.07,33.52,34.2
2M05260443-0153012,81.518496,-1.883679,OrionBOB1,4182.0,4202.0,4258.0,4.05,4.09,4.15,-0.08,-0.06,-0.04,-0.03,-0.01,0.01,15.47,15.84,16.97
2M05260639+0137116,81.526631,1.619901,OrionBOB1,3665.0,3721.0,3770.0,4.11,4.16,4.22,-0.06,0.04,0.06,-0.09,-0.07,-0.05,20.32,20.82,22.4
2M05260800+0141152,81.533369,1.687565,OrionBOB1,3537.0,3561.0,3656.0,3.69,3.75,3.83,-0.18,-0.11,0.0,-0.1,-0.09,-0.07,24.09,24.94,26.29
2M05260969-0207043,81.540397,-2.117868,OrionBOB1,4283.0,4292.0,4336.5,3.92,3.94,4.05,-0.1,-0.09,-0.06,0.0,0.01,0.03,15.8,15.93,16.74
2M05261151+0052280,81.547959,0.874465,OrionBOB1,4450.0,4462.0,4509.0,4.04,4.07,4.11,-0.05,-0.04,-0.02,0.03,0.04,0.06,34.72,35.42,35.97
2M05262624+0314428,81.609366,3.245245,OrionBOB1,4481.0,4501.0,4562.0,3.75,3.76,3.82,-0.13,-0.12,-0.1,0.04,0.05,0.07,38.04,38.38,38.77
2M05262765+0351318,81.615249,3.85885,OrionBOB1,3728.0,3759.0,3817.0,3.72,3.79,3.92,-0.17,-0.13,-0.08,-0.08,-0.07,-0.05,20.25,20.72,22.1
2M05263185-0248343,81.632725,-2.809542,OrionBOB1,4362.0,4372.0,4440.0,3.8,3.84,3.97,-0.14,-0.13,-0.1,0.01,0.02,0.04,19.96,20.2,20.8
2M05263709-0231376,81.654542,-2.527123,OrionBOB1,3695.0,3704.0,3769.0,3.62,3.66,3.81,-0.39,-0.36,-0.28,-0.11,-0.1,-0.07,41.84,43.85,44.77
2M05263804+0121455,81.658526,1.36264,OrionBOB1,3762.0,3777.0,3853.0,4.1,4.14,4.2,-0.07,-0.03,0.04,-0.07,-0.06,-0.04,17.05,18.81,19.71
2M05263991-0207555,81.666324,-2.132108,OrionBOB1,4285.0,4292.0,4342.0,3.92,3.94,4.04,-0.08,-0.07,-0.06,0.0,0.01,0.03,23.48,23.71,23.9
2M05264348+0143538,81.681189,1.731622,OrionBOB1,4494.0,4510.0,4588.0,3.88,3.92,4.02,-0.08,-0.07,-0.04,0.06,0.07,0.08,28.39,28.53,28.88
2M05264681+0226039,81.695083,2.43442,OrionBOB1,4077.0,4093.0,4150.0,4.12,4.16,4.26,-0.09,-0.06,-0.02,-0.06,-0.05,-0.01,30.09,30.89,32.1
2M05265191+0023039,81.716326,0.384421,OrionBOB1,4200.0,4212.0,4272.0,3.74,3.75,3.86,-0.14,-0.12,-0.11,0.0,0.02,0.04,28.5,28.73,29.13
2M05265958+0246583,81.748256,2.782872,OrionBOB1,3478.0,3534.0,3632.0,3.77,4.11,4.2,-0.34,-0.12,-0.06,-0.09,-0.07,-0.05,15.32,16.1,19.73
2M05265991+0209060,81.749657,2.15168,OrionBOB1,5559.0,5598.0,5610.0,3.92,3.94,4.0,-0.09,-0.07,-0.06,-0.06,-0.04,-0.02,35.26,35.84,36.65
2M05270085-0117575,81.753547,-1.299319,OrionBOB1,5621.0,5689.0,5752.0,3.73,3.8,3.9,-0.19,-0.16,-0.12,-0.04,-0.02,0.0,16.23,16.44,17.21
2M05270646+0137245,81.776958,1.623479,OrionBOB1,3535.0,3554.0,3653.0,3.75,3.79,3.9,-0.06,0.0,0.02,-0.09,-0.08,-0.05,15.19,15.59,16.93
2M05271018+0050452,81.79243,0.845912,OrionBOB1,5730.0,5826.0,5855.0,4.48,4.58,4.61,0.03,0.08,0.1,-0.07,-0.05,-0.04,13.95,14.19,14.33
2M05271421-0208189,81.809248,-2.138596,OrionBOB1,4202.0,4211.0,4283.0,4.05,4.08,4.1,-0.12,-0.1,-0.08,-0.02,-0.02,0.01,14.92,15.07,15.77
2M05271720-0220239,81.821673,-2.339977,OrionBOB1,5926.0,6154.0,6292.0,3.74,3.95,4.11,-0.31,-0.16,-0.1,-0.06,0.01,0.07,12.67,14.18,14.38
2M05272543-0105515,81.855988,-1.097652,OrionBOB1,3345.0,3364.0,3435.0,3.83,4.01,4.1,0.01,0.22,0.28,-0.07,-0.06,-0.03,14.95,15.34,16.57
2M05272886-0205320,81.870285,-2.092227,OrionBOB1,4301.0,4308.0,4358.0,3.92,3.96,4.03,-0.04,-0.04,-0.02,0.04,0.04,0.06,21.22,21.4,22.11
2M05272968+0129029,81.873672,1.484166,OrionBOB1,4433.0,4439.0,4498.0,4.16,4.17,4.21,-0.03,-0.02,0.0,-0.01,-0.01,0.01,19.09,19.19,19.61
2M05273137+0116459,81.880735,1.279431,OrionBOB1,4132.0,4157.0,4202.0,3.79,3.84,3.97,-0.09,-0.07,-0.04,-0.01,0.02,0.06,29.22,29.53,30.33
2M05273301+0341487,81.887573,3.696874,OrionBOB1,4091.0,4102.0,4141.0,4.25,4.28,4.33,-0.12,-0.1,-0.08,-0.03,-0.01,0.0,14.4,14.51,15.21
2M05273617+0051538,81.900745,0.864956,OrionBOB1,4570.0,4579.0,4650.0,4.07,4.09,4.18,-0.11,-0.11,-0.08,0.02,0.03,0.04,24.79,24.93,25.36
2M05273778-0127345,81.907442,-1.459607,OrionBOB1,4056.0,4069.0,4119.0,4.28,4.31,4.34,-0.02,0.02,0.03,-0.03,-0.03,0.0,15.31,15.67,16.71
2M05273980-0158371,81.915849,-1.976995,OrionBOB1,4340.0,4356.0,4378.0,3.92,3.94,4.0,0.05,0.06,0.07,0.01,0.02,0.03,28.63,28.79,29.19
2M05274060-0016575,81.919186,-0.282648,OrionBOB1,3721.0,3757.0,3828.0,3.73,3.85,3.94,-0.17,-0.12,-0.07,-0.1,-0.09,-0.06,15.79,16.46,19.14
2M05274063+0103572,81.919321,1.065908,OrionBOB1,3681.0,3759.0,3788.0,4.08,4.13,4.2,-0.07,0.02,0.06,-0.09,-0.07,-0.06,15.67,16.27,17.91
2M05274257-0221008,81.927375,-2.350233,OrionBOB1,4293.0,4311.0,4376.0,4.14,4.2,4.23,-0.13,-0.11,-0.1,0.01,0.03,0.07,15.01,15.17,15.9
2M05275896-0053151,81.99569,-0.887532,OrionBOB1,4594.0,4603.0,4668.0,3.99,4.01,4.04,-0.15,-0.14,-0.12,0.05,0.07,0.08,41.37,42.29,42.38
2M05275999+0229480,81.999992,2.496677,OrionBOB1,5703.0,5759.0,5786.0,3.69,3.74,3.75,-0.26,-0.22,-0.21,-0.12,-0.1,-0.07,32.14,33.2,33.67
2M05280994+0210263,82.041435,2.173985,OrionBOB1,4438.0,4448.0,4519.0,3.91,3.95,4.01,-0.09,-0.08,-0.06,-0.01,-0.01,0.02,29.17,29.34,29.78
2M05281249-0149387,82.052047,-1.827429,OrionBOB1,3465.0,3491.0,3563.0,3.63,3.76,3.86,-0.2,-0.11,-0.06,-0.07,-0.06,-0.03,14.59,14.83,15.8
2M05281925-0152039,82.080245,-1.867755,OrionBOB1,4306.0,4316.0,4343.0,3.81,3.83,3.91,-0.08,-0.07,-0.06,0.03,0.04,0.06,19.52,19.64,20.14
2M05282059-0022432,82.085828,-0.378679,OrionBOB1,3765.0,3778.0,3834.0,4.08,4.11,4.16,-0.07,-0.04,0.02,-0.06,-0.05,-0.02,15.67,16.03,17.4
2M05282400-0128577,82.100036,-1.482704,OrionBOB1,3762.0,3772.0,3841.0,4.12,4.16,4.2,-0.04,0.03,0.04,-0.07,-0.06,-0.04,14.64,14.83,15.87
2M05282858-0206103,82.119085,-2.102877,OrionBOB1,4139.0,4173.0,4204.0,4.05,4.1,4.15,-0.1,-0.07,-0.06,-0.04,0.0,0.03,15.01,15.22,16.38
2M05283339+0009299,82.139145,0.158319,OrionBOB1,4105.0,4129.0,4187.0,3.92,4.08,4.19,-0.1,-0.05,0.04,-0.04,-0.02,0.02,14.59,14.91,15.73
2M05283543+0140073,82.147655,1.668722,OrionBOB1,5983.0,6040.0,6126.0,4.19,4.25,4.36,-0.15,-0.11,-0.08,-0.1,-0.08,-0.06,21.39,22.15,23.77
2M05283771+0011485,82.157141,0.196823,OrionBOB1,3351.0,3357.0,3420.0,3.56,3.59,3.65,-0.26,-0.22,-0.21,-0.07,-0.07,-0.05,14.55,14.75,15.78
2M05283775+0138039,82.157312,1.634438,OrionBOB1,5648.0,5688.0,5769.0,3.81,3.85,3.95,-0.36,-0.34,-0.32,-0.16,-0.14,-0.1,33.85,34.16,34.64
2M05284486+0249405,82.186947,2.827944,OrionBOB1,3815.0,3850.0,3933.0,3.87,3.95,4.1,-0.14,-0.08,-0.03,-0.07,-0.06,-0.01,17.21,19.05,19.84
2M05284683+0048406,82.195151,0.811284,OrionBOB1,4833.0,4843.0,4890.0,4.25,4.27,4.3,-0.1,-0.09,-0.07,0.05,0.08,0.09,39.89,40.49,40.95
2M05284687+0033300,82.195327,0.558348,OrionBOB1,5257.0,5333.0,5371.0,4.12,4.19,4.24,-0.16,-0.12,-0.1,-0.11,-0.09,-0.07,31.57,32.71,32.96
2M05285332+0148551,82.222178,1.815309,OrionBOB1,4095.0,4103.0,4138.0,4.29,4.33,4.37,-0.12,-0.09,-0.09,-0.04,-0.03,-0.02,16.15,16.69,18.07
2M05285348+0049443,82.222852,0.828995,OrionBOB1,6285.0,6322.0,6335.0,4.53,4.6,4.62,-0.09,-0.07,-0.06,-0.07,-0.06,-0.04,19.38,19.49,20.05
2M05285401-0117144,82.225059,-1.287344,OrionBOB1,4044.0,4057.0,4108.0,4.14,4.17,4.19,-0.16,-0.14,-0.13,-0.05,-0.04,-0.01,14.64,14.79,15.78
2M05285452-0141058,82.227191,-1.684963,OrionBOB1,4464.0,4471.0,4555.0,3.87,3.89,3.99,-0.1,-0.09,-0.07,0.04,0.05,0.06,24.36,24.47,24.95
2M05285461+0305035,82.227569,3.084306,OrionBOB1,3537.0,3551.0,3608.0,3.7,3.74,3.79,-0.11,-0.04,0.0,-0.09,-0.08,-0.05,14.69,15.03,16.25
2M05285915+0204488,82.246489,2.080245,OrionBOB1,4704.0,4812.0,4832.0,3.9,3.93,4.02,-0.14,-0.1,-0.09,0.02,0.04,0.05,34.98,35.34,36.0
2M05290146-0011297,82.256099,-0.19161,OrionBOB1,3850.0,3874.0,3961.0,4.08,4.17,4.24,-0.13,-0.09,-0.05,-0.04,-0.03,0.05,14.52,14.85,16.16
2M05290452-0142312,82.268851,-1.708694,OrionBOB1,4442.0,4455.0,4567.5,3.77,3.8,3.92,-0.04,-0.03,0.0,0.01,0.02,0.04,28.61,28.8,29.18
2M05290743+0150319,82.280968,1.842219,OrionBOB1,3561.0,3653.0,3704.0,3.55,3.61,3.68,-0.15,-0.11,-0.05,-0.1,-0.09,-0.07,38.79,40.14,41.61
2M05291271-0010187,82.302961,-0.171881,OrionBOB1,3878.0,3888.0,3972.0,4.11,4.13,4.17,-0.09,-0.07,-0.05,-0.05,-0.05,-0.01,14.52,14.66,15.45
2M05291877-0118370,82.328225,-1.310279,OrionBOB1,5569.0,5623.0,5676.0,3.8,3.86,3.93,-0.24,-0.2,-0.18,-0.03,-0.01,0.02,23.92,24.07,24.43
2M05291896+0309190,82.329002,3.155303,OrionBOB1,4354.0,4362.0,4404.0,3.79,3.84,3.92,-0.13,-0.12,-0.11,0.03,0.04,0.06,33.21,33.43,33.81
2M05292269-0131537,82.344573,-1.531594,OrionBOB1,5573.0,5610.0,5624.0,3.68,3.71,3.74,-0.19,-0.16,-0.15,-0.04,-0.01,0.01,25.76,26.09,26.84
2M05292270-0250258,82.344606,-2.840502,OrionBOB1,6188.0,6249.0,6362.0,4.36,4.42,4.53,-0.19,-0.16,-0.12,-0.11,-0.08,-0.05,19.53,19.72,20.26
2M05292353+0207150,82.348053,2.120842,OrionBOB1,5335.0,5494.0,5547.0,3.95,4.11,4.15,-0.16,-0.07,-0.04,-0.08,-0.06,-0.02,35.66,36.05,37.81
2M05292524-0030133,82.355178,-0.503716,OrionBOB1,5667.0,5725.0,5813.0,3.75,3.83,3.96,-0.14,-0.11,-0.09,-0.11,-0.06,-0.02,15.0,15.14,15.77
2M05292607+0333160,82.358651,3.554463,OrionBOB1,4852.0,4863.0,4942.0,3.78,3.8,3.88,-0.21,-0.2,-0.17,0.09,0.1,0.11,29.84,30.19,30.74
2M05293074+0402431,82.378122,4.045319,OrionBOB1,4123.0,4136.0,4174.0,3.86,3.93,4.04,-0.12,-0.11,-0.08,-0.04,-0.02,-0.01,28.79,29.14,29.73
2M05293802+0156055,82.408444,1.934886,OrionBOB1,5973.0,6001.0,6117.0,3.71,3.76,3.84,-0.43,-0.41,-0.38,-0.17,-0.12,-0.07,43.48,44.35,45.11
2M05293906-0037377,82.412777,-0.62715,OrionBOB1,4433.0,4455.0,4501.0,3.88,3.96,4.07,-0.06,-0.05,-0.03,0.03,0.05,0.07,18.77,19.02,19.29
2M05295313+0232136,82.471407,2.537121,OrionBOB1,3552.0,3628.0,3717.0,3.73,3.78,3.89,-0.16,-0.02,0.01,-0.1,-0.09,-0.06,36.58,38.02,39.01
2M05300137+0116371,82.505714,1.276993,OrionBOB1,4606.0,4647.0,4687.0,4.03,4.12,4.18,-0.12,-0.1,-0.08,0.07,0.09,0.1,16.4,16.77,17.7
2M05301252-0007021,82.552169,-0.117254,OrionBOB1,3754.0,3781.0,3871.0,3.85,3.96,4.15,-0.1,-0.04,0.04,-0.08,-0.06,-0.02,19.79,21.87,24.45
2M05301790-0159227,82.574617,-1.989658,OrionBOB1,3573.0,3661.0,3751.0,3.79,3.85,3.99,-0.25,-0.15,-0.1,-0.07,-0.05,-0.01,14.84,15.03,16.13
2M05301807+0325553,82.57532,3.432049,OrionBOB1,4422.0,4441.0,4514.0,3.78,3.83,3.94,-0.1,-0.09,-0.06,0.01,0.03,0.06,23.77,23.92,24.43
2M05302157+0007041,82.58991,0.117826,OrionBOB1,3517.0,3541.0,3635.0,3.82,3.88,4.01,-0.02,0.01,0.06,-0.08,-0.07,-0.04,14.89,15.3,16.56
2M05302878+0149539,82.619932,1.831664,OrionBOB1,5820.0,5840.0,5875.0,3.68,3.69,3.83,-0.35,-0.34,-0.32,-0.01,0.0,0.0,29.01,29.17,29.69
2M05303497+0218546,82.645717,2.315191,OrionBOB1,4541.0,4553.0,4605.0,3.86,3.88,3.96,-0.1,-0.1,-0.08,0.04,0.05,0.06,23.75,23.87,24.21
2M05303519+0220423,82.646654,2.345091,OrionBOB1,4625.0,4634.0,4686.0,3.86,3.89,3.96,-0.06,-0.05,-0.03,0.09,0.1,0.11,24.85,25.01,25.55
2M05305299+0006477,82.72081,0.113277,OrionBOB1,3348.0,3354.0,3426.0,3.39,3.42,3.54,-0.15,-0.08,-0.05,-0.1,-0.09,-0.07,24.39,24.81,26.18
2M05305374-0234135,82.72393,-2.570433,OrionBOB1,4605.0,4617.0,4696.0,3.79,3.84,3.92,-0.15,-0.14,-0.12,0.06,0.08,0.09,28.38,28.51,28.87
2M05305787-0156527,82.741154,-1.947977,OrionBOB1,4898.0,4959.0,5059.0,3.81,3.88,3.97,-0.21,-0.18,-0.13,0.08,0.1,0.12,37.64,38.04,38.4
2M05310114+0247094,82.75475,2.785966,OrionBOB1,4334.0,4340.0,4386.0,3.9,3.93,4.0,-0.14,-0.13,-0.12,0.01,0.02,0.04,23.76,23.87,24.29
2M05311096+0119175,82.795698,1.321534,OrionBOB1,4582.0,4626.0,4688.0,3.86,3.91,3.99,-0.13,-0.12,-0.1,0.06,0.08,0.09,18.92,19.07,19.32
2M05311998-0146533,82.833288,-1.781497,OrionBOB1,4073.0,4097.0,4149.0,4.32,4.6,4.62,0.02,0.11,0.13,-0.06,-0.04,0.01,14.4,14.62,15.68
2M05313927-0045286,82.913666,-0.757961,OrionBOB1,3963.0,3988.0,4088.0,3.9,4.0,4.06,-0.12,-0.1,-0.06,-0.09,-0.08,-0.05,20.1,20.69,21.9
2M05314469-0130582,82.936219,-1.516185,OrionBOB1,5574.0,5612.0,5655.0,3.74,3.83,3.9,-0.2,-0.17,-0.16,-0.04,-0.02,0.01,43.01,43.77,44.28
2M05314669+0142241,82.944547,1.706722,OrionBOB1,4590.0,4615.0,4689.0,3.88,3.92,4.0,-0.13,-0.12,-0.1,0.04,0.06,0.07,23.56,23.73,23.97
2M05314751+0217129,82.947985,2.286939,OrionBOB1,6105.0,6160.0,6196.0,4.41,4.46,4.49,-0.08,-0.04,-0.02,-0.07,-0.05,-0.04,28.21,28.37,28.62
2M05314827-0147591,82.951132,-1.799776,OrionBOB1,3477.0,3526.0,3572.0,3.51,3.69,3.77,-0.11,-0.04,0.03,-0.1,-0.08,-0.06,24.46,26.59,29.43
2M05315128-0108567,82.963669,-1.149089,OrionBOB1,5617.0,5637.0,5753.0,3.69,3.74,3.84,-0.18,-0.17,-0.11,-0.05,-0.02,0.01,29.97,30.33,31.05
2M05315981-0152110,82.999215,-1.86974,OrionBOB1,3339.0,3377.0,3471.0,3.7,3.8,3.85,0.03,0.14,0.24,-0.11,-0.1,-0.08,19.92,20.86,22.86
2M05320646-0155254,83.026943,-1.923743,OrionBOB1,4572.0,4585.0,4663.0,3.76,3.79,3.88,-0.12,-0.11,-0.09,0.08,0.1,0.12,29.93,30.21,30.63
2M05322569-0133118,83.10707,-1.553284,OrionBOB1,3971.0,4056.0,4106.0,3.98,4.04,4.1,-0.14,-0.12,-0.07,-0.07,-0.05,-0.02,24.48,24.82,25.68
2M05322919+0204040,83.121648,2.067778,OrionBOB1,4185.0,4195.0,4249.0,4.12,4.15,4.19,-0.05,-0.04,-0.02,-0.05,-0.04,-0.02,19.47,19.64,20.38
2M05322991-0152399,83.124637,-1.877771,OrionBOB1,4107.0,4124.0,4171.0,4.04,4.08,4.13,-0.1,-0.07,-0.05,-0.04,-0.03,0.01,14.89,15.07,16.04
2M05323435-0150463,83.143147,-1.846214,OrionBOB1,4065.0,4100.0,4132.0,4.14,4.18,4.23,-0.12,-0.1,-0.08,-0.03,0.0,0.01,14.59,14.74,15.41
2M05323766-0137445,83.156929,-1.629042,OrionBOB1,4315.0,4323.0,4353.0,3.8,3.82,3.86,-0.08,-0.07,-0.06,0.04,0.04,0.06,23.85,23.99,24.3
2M05324061+0211587,83.169222,2.199646,OrionBOB1,5939.0,6037.0,6145.0,3.76,3.86,3.97,-0.5,-0.45,-0.41,-0.12,-0.07,-0.03,43.41,44.35,45.2
2M05324550-0140344,83.189603,-1.67623,OrionBOB1,4369.0,4374.0,4448.0,3.88,3.92,3.99,-0.18,-0.17,-0.15,0.0,0.01,0.02,15.49,15.75,16.44
2M05324957-0157385,83.206563,-1.960697,OrionBOB1,4632.0,4647.0,4697.0,3.85,3.89,3.93,-0.08,-0.07,-0.06,0.06,0.07,0.08,33.19,33.36,33.67
2M05325412+0235422,83.225531,2.595081,OrionBOB1,5615.0,5665.0,5742.0,3.79,3.84,3.96,-0.42,-0.39,-0.36,-0.16,-0.13,-0.1,42.79,43.59,44.15
2M05325664+0018478,83.236013,0.313281,OrionBOB1,4366.0,4372.0,4464.0,3.65,3.67,3.78,-0.12,-0.12,-0.09,0.0,0.01,0.03,24.57,24.79,25.47
2M05330125-0141537,83.255228,-1.698272,OrionBOB1,4673.0,4694.0,4826.0,3.74,3.76,3.87,-0.13,-0.12,-0.08,0.05,0.07,0.09,18.98,19.13,19.38
2M05330172-0021025,83.257182,-0.350719,OrionBOB1,3842.0,3848.0,3929.0,3.77,3.8,3.84,-0.08,-0.04,-0.03,-0.08,-0.08,-0.04,19.21,19.35,20.32
2M05331308+0010299,83.304504,0.174975,OrionBOB1,4818.0,4835.0,4869.0,3.93,3.94,3.98,-0.11,-0.1,-0.08,0.06,0.07,0.09,30.23,30.42,30.93
2M05331353-0NGC226438,83.3064,-2.44552,OrionBOB1,5748.0,5762.0,5804.0,3.87,3.91,3.97,-0.32,-0.3,-0.29,-0.21,-0.19,-0.17,41.26,42.46,42.67
2M05332699+0238365,83.362491,2.643493,OrionBOB1,4096.0,4116.0,4166.0,4.12,4.16,4.25,-0.12,-0.1,-0.07,-0.06,-0.04,-0.01,14.61,14.77,15.72
2M05334729-0120274,83.44706,-1.34095,OrionBOB1,3857.0,3872.0,3912.0,4.11,4.14,4.17,-0.07,-0.05,-0.02,-0.06,-0.05,-0.03,14.19,14.37,15.02
2M05334918-0115455,83.45494,-1.262647,OrionBOB1,4225.0,4244.0,4306.0,3.97,4.03,4.06,-0.06,-0.05,-0.03,-0.02,-0.01,0.01,18.97,19.1,19.47
2M05335125-0027310,83.463574,-0.458626,OrionBOB1,4298.0,4305.0,4373.0,3.7,3.71,3.82,-0.06,-0.06,-0.03,0.03,0.04,0.06,19.55,19.65,20.21
2M05335454+0134086,83.47729,1.569077,OrionBOB1,3867.0,3901.0,3966.0,4.19,4.26,4.38,-0.06,0.03,0.1,-0.07,-0.06,-0.03,17.76,19.12,20.26
2M05335776-0027510,83.490675,-0.46418,OrionBOB1,4458.0,4466.0,4536.0,3.84,3.86,3.97,-0.08,-0.08,-0.05,0.01,0.02,0.03,33.11,33.26,33.6
2M05340819-0031296,83.534126,-0.524893,OrionBOB1,3556.0,3654.0,3771.0,3.71,3.74,3.93,-0.14,-0.02,0.01,-0.1,-0.08,-0.06,14.94,15.35,16.67
2M05341952-0125224,83.581351,-1.422915,OrionBOB1,3551.0,3582.0,3684.75,3.69,3.74,3.82,-0.16,-0.06,-0.01,-0.08,-0.07,-0.04,14.36,14.65,15.52
2M05343358-0201402,83.639938,-2.027837,OrionBOB1,4864.0,4890.0,5040.0,3.76,3.81,3.92,-0.17,-0.15,-0.09,0.02,0.05,0.07,34.84,35.37,36.12
2M05343896-0146564,83.662356,-1.782339,OrionBOB1,3740.0,3760.0,3828.0,3.72,3.82,3.88,-0.17,-0.13,-0.08,-0.1,-0.09,-0.07,15.17,15.45,16.86
2M05344283-0027424,83.67848,-0.461798,OrionBOB1,4328.0,4343.0,4385.0,4.17,4.25,4.26,-0.07,-0.04,-0.03,-0.01,0.0,0.02,20.49,20.76,21.51
2M05345053-0131298,83.710561,-1.524967,OrionBOB1,4612.0,4623.0,4720.0,3.76,3.79,3.85,-0.2,-0.19,-0.17,0.09,0.11,0.13,42.41,42.96,43.34
2M05345175-0033042,83.715652,-0.551177,OrionBOB1,4176.0,4190.0,4271.0,4.09,4.15,4.21,-0.04,0.02,0.04,-0.05,-0.04,-0.01,14.73,14.91,15.72
2M05345449-0123452,83.727074,-1.395893,OrionBOB1,3664.0,3688.0,3778.0,3.72,3.75,3.91,-0.18,-0.14,-0.07,-0.07,-0.07,-0.04,18.72,19.21,20.23
2M05345714-0048094,83.738091,-0.802616,OrionBOB1,3759.0,3767.0,3830.0,4.07,4.12,4.16,-0.14,-0.1,-0.08,-0.05,-0.04,-0.01,15.51,15.86,17.22
2M05350140-0118137,83.755834,-1.303827,OrionBOB1,3456.0,3492.0,3585.0,3.74,3.77,3.87,-0.18,-0.14,-0.12,-0.04,-0.04,-0.02,14.29,14.48,15.2
2M05351039-0027462,83.793308,-0.462855,OrionBOB1,3536.0,3567.0,3676.0,3.75,3.77,3.86,-0.1,-0.04,0.0,-0.07,-0.06,-0.02,18.92,19.23,19.98
2M05351713+0011045,83.821395,0.184598,OrionBOB1,3535.0,3588.0,3694.0,3.74,3.78,3.89,-0.17,-0.04,0.0,-0.1,-0.09,-0.06,39.01,40.55,42.64
2M05352515+0132208,83.854805,1.539124,OrionBOB1,3775.0,3780.0,3867.0,4.09,4.12,4.15,-0.09,-0.06,-0.04,-0.07,-0.06,-0.03,14.44,14.62,15.69
2M05352562-0102558,83.856758,-1.04884,OrionBOB1,3195.0,3202.0,3263.0,3.14,3.18,3.25,-0.79,-0.75,-0.72,-0.1,-0.09,-0.07,15.05,15.44,17.37
2M05353015-0118299,83.875633,-1.308324,OrionBOB1,3928.0,3939.0,4044.0,4.16,4.19,4.23,-0.11,-0.09,-0.06,-0.07,-0.07,-0.04,15.17,15.44,17.0
2M05353117+0205055,83.879899,2.084885,OrionBOB1,3867.0,3874.0,3943.0,4.14,4.16,4.2,-0.1,-0.07,-0.04,-0.06,-0.05,-0.03,14.15,14.3,15.0
2M05353442-0117443,83.893442,-1.295664,OrionBOB1,3548.0,3557.0,3680.0,3.79,3.81,3.96,-0.04,-0.01,0.01,-0.1,-0.09,-0.05,14.91,15.2,16.46
2M05353605-0032169,83.90023,-0.538049,OrionBOB1,4588.0,4598.0,4669.5,3.8,3.81,3.93,-0.2,-0.19,-0.17,0.06,0.07,0.08,23.77,23.92,24.28
2M05354081-0034552,83.920071,-0.582025,OrionBOB1,4319.0,4326.0,4373.0,4.14,4.17,4.2,-0.1,-0.09,-0.08,0.0,0.0,0.03,18.98,19.1,19.44
2M05355648-0031031,83.985349,-0.517554,OrionBOB1,3066.0,3073.0,3170.0,3.0,3.03,3.14,-0.38,-0.33,-0.3,-0.03,-0.03,0.03,43.14,44.44,45.28
2M05360406-0201296,84.016933,-2.024904,OrionBOB1,3822.0,3867.0,3898.0,4.09,4.15,4.18,-0.09,-0.06,-0.03,-0.07,-0.06,-0.04,14.76,14.97,16.3
2M05361293-0202019,84.053907,-2.033875,OrionBOB1,3550.0,3557.0,3670.0,3.62,3.69,3.77,-0.17,-0.09,-0.04,-0.09,-0.09,-0.05,42.08,43.58,44.7
2M05361923-0123588,84.080141,-1.399674,OrionBOB1,3851.0,3871.0,3973.0,4.19,4.24,4.35,-0.18,-0.14,-0.06,-0.08,-0.07,-0.04,24.68,26.25,28.84
2M05361979-0030443,84.082466,-0.512319,OrionBOB1,4147.0,4158.0,4209.0,3.84,3.89,3.96,-0.17,-0.16,-0.14,-0.04,-0.03,-0.01,19.37,19.51,20.07
2M05362636-0026472,84.109867,-0.446455,OrionBOB1,5826.0,5876.0,5958.0,3.57,3.59,3.71,-0.63,-0.61,-0.56,-0.46,-0.42,-0.37,19.27,19.69,20.64
2M05362908-0235482,84.121207,-2.596744,OrionBOB1,3530.0,3537.0,3660.0,3.76,3.78,3.85,-0.04,0.0,0.02,-0.09,-0.08,-0.06,19.85,20.27,21.41
2M05363302-0123334,84.137589,-1.392629,OrionBOB1,4360.0,4370.0,4418.0,3.84,3.88,3.94,-0.1,-0.09,-0.06,0.0,0.0,0.02,19.57,19.71,20.33
2M05370245-0120197,84.260236,-1.338822,OrionBOB1,3678.0,3693.0,3792.0,3.72,3.74,3.85,-0.17,-0.15,-0.12,-0.1,-0.09,-0.06,24.68,25.04,26.22
2M05370273-0105074,84.261381,-1.085414,OrionBOB1,4455.0,4467.0,4517.0,3.83,3.85,3.91,-0.07,-0.06,-0.04,-0.01,0.0,0.01,35.29,35.56,36.04
2M05371119-0109000,84.296658,-1.150019,OrionBOB1,4986.0,5074.0,5119.0,3.81,3.85,3.93,-0.1,-0.05,-0.02,0.0,0.03,0.05,23.51,23.74,23.98
2M05371537-0230534,84.314044,-2.514842,OrionBOB1,4944.0,5006.0,5115.0,3.9,3.95,4.05,-0.2,-0.17,-0.13,0.09,0.12,0.14,34.35,34.85,35.59
2M05373989+0056542,84.416211,0.948406,OrionBOB1,4555.0,4629.0,4679.0,3.87,3.94,4.06,-0.06,-0.04,-0.01,0.04,0.07,0.1,19.78,19.96,20.53
2M05374009-0038582,84.417065,-0.649502,OrionBOB1,4108.0,4124.0,4178.0,4.15,4.18,4.26,0.03,0.06,0.09,-0.04,-0.03,-0.01,14.76,14.92,15.7
2M05374477-0212534,84.436566,-2.214843,OrionBOB1,3446.0,3452.0,3498.0,3.56,3.59,3.7,-0.19,-0.16,-0.13,-0.07,-0.06,-0.04,25.57,26.13,27.89
2M05375161-0235257,84.465058,-2.590475,OrionBOB1,3522.0,3550.0,3599.0,3.55,3.71,3.78,-0.2,-0.07,0.0,-0.09,-0.08,-0.06,37.95,39.32,40.74
2M05375303-0233344,84.470982,-2.559558,OrionBOB1,4553.0,4627.0,4660.0,3.62,3.67,3.74,-0.15,-0.11,-0.1,0.09,0.11,0.12,43.59,44.3,44.91
2M05381453-0210152,84.560575,-2.170903,OrionBOB1,3288.0,3305.0,3370.0,3.48,3.56,3.65,-0.24,-0.13,-0.07,-0.09,-0.07,-0.06,14.61,14.89,15.92
2M05382148-0008438,84.589519,-0.145515,OrionBOB1,4359.0,4367.0,4415.5,3.77,3.78,3.86,-0.07,-0.06,-0.04,0.02,0.03,0.05,25.2,25.43,26.08
2M05382366-0101356,84.598613,-1.026561,OrionBOB1,3659.0,3689.0,3779.0,3.72,3.75,3.93,-0.15,-0.11,-0.05,-0.08,-0.07,-0.04,30.97,32.13,33.63
2M05382774-0243009,84.615597,-2.716937,OrionBOB1,3425.0,3434.0,3482.0,3.35,3.38,3.46,-0.26,-0.24,-0.2,-0.09,-0.08,-0.06,30.46,32.34,33.67
2M05383138-0255032,84.630752,-2.917559,OrionBOB1,6191.0,6210.0,6308.0,3.43,3.45,3.59,-0.4,-0.39,-0.34,0.02,0.04,0.06,14.79,14.91,15.45
2M05383546-0231516,84.647775,-2.531016,OrionBOB1,3993.0,4051.0,4100.0,3.58,3.63,3.69,-0.21,-0.19,-0.17,-0.08,-0.06,-0.03,15.31,15.52,16.61
2M05383745-0250236,84.656056,-2.8399,OrionBOB1,3115.0,3124.0,3219.0,3.1,3.12,3.16,-0.34,-0.25,-0.25,-0.06,-0.06,-0.02,28.6,28.94,29.61
2M05384921-0241251,84.705076,-2.690312,OrionBOB1,3507.0,3516.0,3539.0,3.45,3.46,3.49,-0.45,-0.41,-0.4,-0.04,-0.04,-0.01,42.18,42.98,43.25
2M05385317-0243528,84.721557,-2.731337,OrionBOB1,3499.0,3550.0,3584.0,3.54,3.63,3.75,-0.16,-0.07,0.01,-0.1,-0.09,-0.06,17.99,19.28,20.18
2M05385681-0204544,84.736725,-2.081797,OrionBOB1,4374.0,4421.0,4474.0,3.78,3.83,3.89,-0.12,-0.1,-0.09,-0.02,-0.01,0.01,19.11,19.26,19.7
2M05385809-0126135,84.742062,-1.437093,OrionBOB1,3436.0,3444.0,3527.0,3.37,3.39,3.5,-0.28,-0.27,-0.23,-0.07,-0.07,-0.04,20.99,21.34,22.67
2M05390052-0239390,84.752202,-2.660835,OrionBOB1,4834.0,4858.0,4999.0,3.87,3.91,4.03,-0.13,-0.12,-0.07,-0.03,0.02,0.05,25.41,26.24,27.5
2M05390276-0229558,84.76153,-2.498842,OrionBOB1,3287.0,3298.0,3360.0,3.32,3.36,3.41,-0.25,-0.16,-0.14,-0.06,-0.06,-0.03,14.34,14.46,15.16
2M05390540-0232303,84.772526,-2.54176,OrionBOB1,4080.0,4090.0,4114.0,3.65,3.66,3.7,-0.1,-0.08,-0.07,0.04,0.05,0.06,21.0,21.15,21.92
2M05390759-0228234,84.781638,-2.473167,OrionBOB1,3340.0,3360.0,3437.0,3.62,3.69,3.83,-0.06,0.03,0.16,-0.07,-0.07,-0.04,12.04,14.17,14.69
2M05390928-0219130,84.788686,-2.32029,OrionBOB1,3540.0,3592.0,3669.0,3.7,3.75,3.82,-0.18,-0.09,0.0,-0.08,-0.07,-0.04,28.62,29.3,30.63
2M05391419-0128523,84.809135,-1.481213,OrionBOB1,3518.0,3543.0,3595.0,3.79,3.86,3.91,-0.1,-0.04,0.01,-0.08,-0.07,-0.04,19.8,20.17,21.42
2M05391453-0219367,84.810561,-2.326865,OrionBOB1,3551.0,3583.0,3656.0,3.62,3.7,3.76,-0.2,-0.18,-0.09,-0.1,-0.08,-0.06,14.87,15.17,16.7
2M05392044-0227368,84.83518,-2.460224,OrionBOB1,3484.0,3521.0,3541.0,3.73,3.81,3.85,-0.08,0.0,0.02,-0.07,-0.06,-0.03,19.57,20.52,21.72
2M05392286-0233330,84.845284,-2.559183,OrionBOB1,3468.0,3493.0,3554.0,3.61,3.7,3.81,-0.1,-0.06,0.02,-0.07,-0.06,-0.04,14.69,14.97,15.98
2M05392650-0252152,84.860425,-2.870904,OrionBOB1,3309.0,3316.0,3349.0,3.29,3.31,3.44,-0.26,-0.25,-0.21,-0.04,-0.03,0.01,20.73,21.47,22.89
2M05392791-0155493,84.866314,-1.930381,OrionBOB1,4064.0,4088.0,4128.0,3.91,4.02,4.09,-0.12,-0.1,-0.05,-0.05,-0.03,0.0,14.55,14.82,15.51
2M05392883-0217513,84.870137,-2.297601,OrionBOB1,3248.0,3269.0,3327.75,3.45,3.56,3.61,-0.02,0.01,0.05,-0.09,-0.07,-0.06,14.64,14.84,16.0
2M05393256-0239440,84.885707,-2.662225,OrionBOB1,3955.0,3993.0,4055.0,3.6,3.68,3.75,-0.22,-0.2,-0.18,-0.08,-0.07,-0.04,38.53,39.32,40.02
2M05393729-0226567,84.905399,-2.4491,OrionBOB1,3915.0,3927.0,3983.0,3.71,3.75,3.78,-0.18,-0.14,-0.13,-0.07,-0.06,-0.04,34.1,34.59,35.5
2M05394799-0240320,84.949965,-2.675576,OrionBOB1,3529.0,3547.0,3616.0,3.4,3.42,3.51,-0.38,-0.35,-0.33,-0.05,-0.04,0.02,28.5,28.71,29.47
2M05395236-0236147,84.968207,-2.604105,OrionBOB1,3466.0,3505.0,3538.0,3.63,3.77,3.9,-0.25,-0.16,-0.06,-0.06,-0.04,0.03,39.97,42.68,44.44
2M05395248-0232023,84.968675,-2.533974,OrionBOB1,3838.0,3850.0,3925.0,3.74,3.78,3.82,-0.14,-0.09,-0.07,-0.1,-0.09,-0.06,14.88,15.18,16.43
2M05395602-0251228,84.983435,-2.856337,OrionBOB1,3305.0,3316.0,3348.0,3.3,3.35,3.41,-0.33,-0.25,-0.24,-0.04,-0.03,0.02,34.07,34.9,36.15
2M05395825-0226188,84.992733,-2.438566,OrionBOB1,3363.0,3370.0,3440.0,3.61,3.64,3.72,-0.11,-0.08,-0.05,-0.04,-0.04,-0.01,14.4,14.57,15.35
2M05395946-0216522,84.997787,-2.281183,OrionBOB1,3140.0,3174.0,3221.0,2.98,3.03,3.1,-0.57,-0.49,-0.35,-0.09,-0.07,-0.06,29.04,29.74,30.89
2M05400338-0229014,85.014094,-2.483735,OrionBOB1,3783.0,3854.0,3887.0,3.55,3.6,3.66,-0.19,-0.16,-0.13,-0.08,-0.06,-0.04,14.8,15.01,16.08
2M05400856-0242167,85.035685,-2.70466,OrionBOB1,4113.0,4130.0,4183.0,4.04,4.12,4.14,-0.11,-0.07,-0.06,-0.07,-0.06,-0.03,16.59,17.54,19.14
2M05401329-0235419,85.055411,-2.594993,OrionBOB1,4418.0,4434.0,4477.0,4.31,4.38,4.45,-0.01,0.02,0.04,0.09,0.11,0.13,31.09,32.89,33.08
2M05402894+0013082,85.120584,0.218967,OrionBOB1,4453.0,4463.0,4519.0,4.03,4.07,4.11,-0.04,-0.04,-0.01,0.03,0.05,0.07,33.05,33.28,33.79
2M05403450-0230222,85.143759,-2.506181,OrionBOB1,3957.0,3971.0,4029.0,3.52,3.55,3.61,-0.19,-0.18,-0.15,-0.06,-0.05,-0.03,37.76,38.25,38.73
2M05403873-0233475,85.161404,-2.563203,OrionBOB1,3696.0,3738.0,3785.0,3.59,3.63,3.69,-0.18,-0.15,-0.11,-0.06,-0.04,-0.02,23.6,23.76,24.38
2M05411852+0027256,85.327199,0.457116,OrionBOB1,4117.0,4139.0,4182.0,3.94,4.08,4.16,-0.06,0.01,0.05,-0.03,-0.01,0.02,23.58,23.8,24.2
2M05453826-0008109,86.409425,-0.136383,OrionBOB1,3662.0,3749.0,3783.0,3.73,3.87,4.02,-0.16,-0.12,-0.06,-0.08,-0.07,-0.04,15.3,15.74,17.16
2M05460366+0010586,86.515264,0.182972,OrionBOB1,4365.0,4373.0,4433.0,3.75,3.76,3.79,-0.12,-0.1,-0.09,0.02,0.04,0.06,28.36,28.55,29.0
2M05462900+0029071,86.620837,0.485326,OrionBOB1,3411.0,3436.0,3514.0,3.27,3.33,3.42,-0.25,-0.22,-0.12,-0.09,-0.08,-0.06,14.73,15.16,16.38
2M05484854+0045353,87.202272,0.759824,OrionBOB1,4776.0,4803.0,4858.0,3.93,3.97,4.07,-0.13,-0.12,-0.1,0.08,0.1,0.12,28.65,28.82,29.19
2M05511658+0039339,87.819087,0.659443,OrionBOB1,4852.0,4876.0,5000.0,3.93,4.04,4.13,-0.15,-0.14,-0.1,0.06,0.08,0.1,29.78,30.15,30.93
2M04160817+4011099,64.03407,40.186104,California,6143.0,6251.0,6306.0,4.29,4.38,4.44,-0.44,-0.39,-0.36,-0.04,-0.01,0.01,24.12,24.28,24.89
2M04165083+3520420,64.211796,35.345001,California,4633.0,4646.0,4732.0,3.92,3.97,4.07,-0.01,0.0,0.03,0.09,0.11,0.12,19.38,19.53,19.91
2M04171160+3538349,64.298344,35.643051,California,5878.0,5997.0,6003.0,3.72,3.79,3.81,-0.15,-0.1,-0.09,-0.07,-0.03,-0.02,19.51,19.6,20.08
2M04172042+3622322,64.335124,36.375614,California,6419.0,6557.0,6590.0,4.28,4.39,4.43,-0.28,-0.2,-0.18,-0.12,-0.08,-0.06,15.41,15.6,16.4
2M04211899+3709233,65.329139,37.15649,California,6099.0,6227.0,6262.0,4.2,4.29,4.33,-0.03,0.04,0.06,-0.03,-0.01,0.01,14.56,14.65,15.08
2M04215701+3524270,65.487571,35.407505,California,4314.0,5461.0,6547.0,3.26,3.92,4.54,-0.52,-0.08,0.4,-0.32,0.08,0.51,12.93,24.56,35.37
2M04222080+3727505,65.586699,37.464035,California,6337.0,6360.0,6381.0,4.02,4.04,4.08,-0.41,-0.39,-0.37,-0.09,-0.08,-0.05,28.83,29.08,29.63
2M04225025+3738105,65.709415,37.63625,California,5703.0,5729.0,5772.0,4.01,4.04,4.12,-0.29,-0.28,-0.27,-0.13,-0.12,-0.1,24.61,24.74,25.31
2M04225623+3343582,65.734315,33.732834,California,6158.0,6222.0,6301.0,4.31,4.39,4.45,0.08,0.11,0.14,-0.03,-0.01,0.02,15.64,15.79,16.51
2M04230999+3406161,65.791656,34.104473,California,3655.25,4576.0,5321.0,3.33,3.9,4.57,-1.34,-0.61,0.25,0.22,0.46,0.75,12.07,26.4,37.09
2M04232195+3649081,65.841482,36.818935,California,5705.0,5745.0,5760.0,3.93,3.98,4.0,-0.25,-0.23,-0.2,-0.25,-0.23,-0.2,23.61,23.81,24.19
2M04242039+4012521,66.084986,40.214474,California,5781.0,5826.0,5840.0,4.15,4.17,4.2,0.18,0.21,0.22,-0.08,-0.07,-0.05,19.52,19.61,20.04
2M04242385+3603474,66.099408,36.063194,California,6347.0,6368.0,6417.0,3.67,3.69,3.75,-0.41,-0.39,-0.37,-0.03,-0.01,0.01,23.75,24.0,24.47
2M04244122+3334501,66.171763,33.580589,California,5601.0,5622.0,5724.0,4.2,4.26,4.29,-0.17,-0.15,-0.1,-0.15,-0.12,-0.09,14.65,14.78,15.3
2M04244740+3352282,66.197503,33.874519,California,4270.0,5316.0,6381.0,3.33,3.82,4.35,-0.41,0.04,0.52,-0.02,0.36,0.64,14.78,27.57,38.2
2M04253728+3840320,66.405365,38.67556,California,5740.0,5750.0,5788.0,3.9,3.97,4.02,-0.18,-0.17,-0.15,-0.25,-0.23,-0.19,32.49,33.17,33.65
2M04260931+3628426,66.538804,36.478516,California,6344.0,6367.0,6399.0,3.75,3.77,3.83,-0.39,-0.37,-0.34,0.03,0.04,0.07,15.79,15.96,16.76
2M04262312+3745396,66.59634,37.761017,California,6160.0,6260.0,6287.0,4.46,4.57,4.59,0.06,0.11,0.12,-0.07,-0.06,-0.04,14.02,14.18,14.38
2M04270955+3821324,66.789813,38.359013,California,5733.0,5774.0,5882.0,3.89,3.98,4.0,-0.23,-0.19,-0.16,-0.35,-0.33,-0.27,23.86,24.41,25.4
2M04271110+3521514,66.796276,35.364288,California,4620.0,4643.0,4686.0,3.95,4.02,4.08,-0.13,-0.11,-0.1,0.01,0.02,0.04,20.66,20.79,21.38
2M04280577+3557569,67.024049,35.965813,California,6012.0,6085.0,6170.0,3.62,3.73,3.83,-0.28,-0.24,-0.19,-0.07,-0.03,0.02,14.91,15.07,15.82
2M04281288+3524202,67.053687,35.405613,California,5969.0,5984.0,6071.0,3.58,3.59,3.69,-0.05,-0.04,0.0,-0.06,-0.04,0.01,25.09,25.39,26.35
2M04290200+3612424,67.258354,36.211781,California,6002.5,6245.0,6319.0,4.03,4.28,4.35,-0.25,-0.15,-0.12,-0.06,-0.02,0.0,13.71,14.23,14.43
2M04291085+3654295,67.295237,36.908203,California,4305.0,4318.0,4398.0,4.25,4.26,4.45,-0.09,-0.07,-0.02,-0.01,0.0,0.05,12.89,14.21,14.48
2M04292146+3803559,67.339419,38.065533,California,6419.0,6466.0,6533.0,4.33,4.38,4.42,-0.19,-0.17,-0.14,-0.05,-0.04,-0.03,15.17,15.29,15.86
2M04300709+3743471,67.529582,37.729763,California,5250.0,5368.0,5410.0,3.93,3.97,4.06,-0.4,-0.35,-0.32,-0.12,-0.07,-0.04,23.84,24.02,24.56
2M04305070+3647541,67.711258,36.798386,California,6330.0,6362.0,6393.0,4.48,4.51,4.56,-0.06,-0.04,-0.02,-0.06,-0.04,-0.02,19.39,19.5,19.95
2M04305390+3602342,67.724593,36.042839,California,5949.0,5961.0,6020.0,3.27,3.28,3.39,-0.45,-0.44,-0.41,0.0,0.01,0.03,20.15,20.37,21.18
2M04311440+3703239,67.810016,37.05666,California,5550.0,5606.0,5623.0,4.29,4.34,4.38,-0.09,-0.07,-0.06,-0.1,-0.08,-0.07,15.93,16.07,16.77
2M04312192+3724209,67.841341,37.40583,California,6476.0,6550.0,6601.0,4.24,4.29,4.33,-0.4,-0.36,-0.34,0.02,0.04,0.07,14.58,14.69,15.24
2M04320260+3545392,68.010857,35.760902,California,5733.0,5749.0,5776.0,3.46,3.48,3.55,-0.44,-0.42,-0.41,-0.06,-0.05,-0.04,43.21,44.02,44.31
2M04322110+3542000,68.087934,35.700012,California,5626.0,5640.0,5677.0,4.0,4.0,4.13,-0.28,-0.26,-0.25,-0.14,-0.13,-0.11,14.87,15.02,15.51
2M04324789+3726433,68.199561,37.445374,California,6293.0,6343.0,6363.0,4.59,4.67,4.7,0.05,0.07,0.08,-0.16,-0.14,-0.1,16.62,16.86,17.97
2M04332068+3445202,68.336205,34.75563,California,6013.0,6064.0,6342.0,3.81,3.89,4.17,-0.47,-0.43,-0.34,-0.1,-0.07,0.01,36.37,38.12,38.83
2M04340287+3810269,68.511981,38.174149,California,3755.0,3851.0,3982.0,3.42,3.53,3.61,-0.69,-0.64,-0.58,-0.17,-0.16,-0.13,39.32,40.3,42.91
2M04344647+3637176,68.693625,36.621582,California,5963.0,5999.0,6018.0,3.79,3.82,3.86,-0.16,-0.13,-0.12,-0.06,-0.03,0.0,15.24,15.4,16.07
2M04344856+3816224,68.702347,38.272903,California,3835.0,4590.5,5292.75,3.31,3.78,4.42,-0.61,-0.13,0.39,-0.42,-0.09,0.25,13.09,24.68,38.05
2M04345728+3453406,68.738667,34.894623,California,5751.0,5818.0,5875.0,3.72,3.76,3.84,-0.39,-0.36,-0.33,-0.2,-0.17,-0.14,41.49,42.7,43.21
2M04361316+3841023,69.054838,38.683998,California,4640.0,5754.0,6800.0,3.22,3.86,4.43,-0.66,-0.11,0.39,-0.39,-0.04,0.29,15.06,27.56,38.21
2M04364154+3650009,69.17309,36.833607,California,6112.0,6182.0,6264.0,4.24,4.34,4.41,-0.19,-0.15,-0.11,-0.15,-0.12,-0.09,15.01,15.15,15.72
2M04372133+3450303,69.338911,34.841751,California,6071.0,6112.0,6160.0,4.19,4.23,4.28,-0.15,-0.12,-0.1,-0.1,-0.09,-0.06,18.39,18.84,18.98
2M04374741+3635506,69.447564,36.597416,California,5990.0,6000.0,6026.0,3.92,3.94,3.98,-0.37,-0.36,-0.34,-0.1,-0.09,-0.07,15.92,16.21,17.07
2M04375867+3637540,69.494464,36.631676,California,5582.0,5593.0,5693.0,3.75,3.77,3.91,-0.59,-0.58,-0.53,-0.1,-0.08,-0.05,26.1,26.73,27.43
2M04381195+3855368,69.549814,38.926914,California,5997.0,6070.0,6104.0,3.77,3.81,3.9,-0.38,-0.34,-0.32,-0.09,-0.07,-0.02,16.62,18.46,19.09
2M04384458+3530206,69.685751,35.50573,California,6494.0,6586.0,6599.0,4.59,4.68,4.7,-0.13,-0.09,-0.08,-0.1,-0.09,-0.07,19.08,19.17,19.6
2M04401903+3946071,70.079316,39.768654,California,6475.0,6560.0,6578.0,4.3,4.37,4.4,-0.2,-0.17,-0.16,-0.04,-0.01,0.01,19.56,19.72,20.19
2M04423093+3258075,70.628893,32.968765,California,5601.0,5622.0,5693.0,3.9,3.94,4.07,-0.17,-0.16,-0.12,-0.16,-0.13,-0.09,14.98,15.2,16.16
2M05253368+1138489,81.390352,11.646937,lambdaOrion,4208.0,4280.0,4319.0,3.65,3.7,3.79,-0.34,-0.33,-0.31,-0.01,0.01,0.04,15.34,15.54,16.31
2M05254830+1116299,81.451265,11.274974,lambdaOrion,4335.0,4346.0,4402.0,3.8,3.84,3.97,-0.11,-0.1,-0.07,0.05,0.07,0.11,20.68,20.98,21.84
2M05265991+1041401,81.749632,10.694488,lambdaOrion,3879.0,3885.0,3954.0,3.97,4.07,4.09,-0.08,-0.04,-0.03,-0.08,-0.07,-0.05,14.42,14.59,15.76
2M05271913+1025469,81.829723,10.429714,lambdaOrion,3317.0,3330.0,3394.0,3.34,3.36,3.44,-0.25,-0.2,-0.18,-0.1,-0.1,-0.08,43.0,44.0,44.54
2M05282635+1100448,82.109811,11.012455,lambdaOrion,3772.0,3778.0,3832.0,4.06,4.11,4.13,-0.1,-0.07,-0.05,-0.05,-0.04,-0.02,12.47,14.17,14.62
2M05285892+1052450,82.245529,10.879182,lambdaOrion,3570.0,3653.0,3748.0,3.72,3.75,3.92,-0.17,-0.09,-0.02,-0.09,-0.07,-0.04,14.54,14.75,15.7
2M05292025+1241001,82.334382,12.683363,lambdaOrion,4106.0,4126.0,4171.0,3.79,3.87,4.06,-0.17,-0.15,-0.1,-0.01,0.0,0.02,18.2,19.08,19.41
2M05294943+1101051,82.455995,11.018098,lambdaOrion,3565.0,3655.0,3757.0,3.75,3.8,3.96,-0.2,-0.11,-0.04,-0.09,-0.06,-0.04,14.65,14.92,16.04
2M05300327+1103302,82.513665,11.058394,lambdaOrion,3611.0,3654.0,3696.0,3.65,3.71,3.75,-0.2,-0.18,-0.1,-0.1,-0.09,-0.07,15.47,15.97,17.72
2M05301704+1215410,82.571009,12.261393,lambdaOrion,3547.0,3553.0,3633.0,3.67,3.71,3.77,-0.04,-0.01,0.03,-0.1,-0.09,-0.07,14.52,14.81,15.89
2M05311899+1034580,82.829151,10.58279,lambdaOrion,3448.0,3480.5,3551.0,3.88,4.11,4.21,0.04,0.23,0.29,-0.1,-0.09,-0.07,14.81,15.36,16.66
2M05311912+1034384,82.829696,10.577337,lambdaOrion,3939.0,3947.0,4038.0,4.08,4.13,4.16,-0.13,-0.1,-0.09,-0.08,-0.08,-0.06,19.77,19.98,21.19
2M05313860+1148264,82.910847,11.807335,lambdaOrion,3681.0,3696.0,3781.0,3.71,3.73,3.84,-0.21,-0.19,-0.17,-0.07,-0.06,-0.02,23.71,23.92,24.74
2M05314713+1040098,82.946382,10.669399,lambdaOrion,3928.0,3950.0,4013.0,3.91,3.96,4.05,-0.14,-0.13,-0.09,-0.08,-0.07,-0.05,42.64,43.41,43.89
2M05315994+1208068,82.999768,12.135236,lambdaOrion,3521.0,3558.0,3649.0,3.68,3.75,3.79,-0.18,-0.05,0.0,-0.09,-0.08,-0.05,15.92,16.58,17.88
2M05321285+1056083,83.05358,10.93566,lambdaOrion,4194.0,4202.0,4309.0,4.12,4.16,4.22,-0.1,-0.07,-0.05,-0.05,-0.04,0.0,14.67,14.83,15.58
2M05322139+0950074,83.089139,9.835399,lambdaOrion,3990.0,4088.0,4134.0,3.91,4.0,4.09,-0.16,-0.14,-0.08,-0.08,-0.05,-0.02,19.25,19.53,20.09
2M05322730+1237544,83.113789,12.631796,lambdaOrion,4365.0,4373.0,4437.0,3.71,3.75,3.79,-0.11,-0.1,-0.08,-0.01,0.0,0.02,29.82,30.21,30.93
2M05325918+1052561,83.246584,10.882272,lambdaOrion,3881.0,3905.0,4005.0,4.06,4.12,4.14,-0.12,-0.08,-0.06,-0.08,-0.07,-0.04,25.12,25.61,26.99
2M05330889+1153555,83.287042,11.898758,lambdaOrion,3192.0,3212.0,3293.0,3.52,3.59,3.64,-0.27,-0.06,0.0,-0.07,-0.06,-0.03,21.57,22.69,24.56
2M05332402+1019535,83.350117,10.331528,lambdaOrion,3994.0,4125.0,4161.0,3.81,3.91,4.04,-0.12,-0.09,-0.04,-0.09,-0.04,-0.02,21.12,23.36,24.01
2M05340555+0942466,83.523129,9.71296,lambdaOrion,4564.0,4573.0,4644.0,3.79,3.83,3.91,-0.08,-0.07,-0.05,0.03,0.04,0.07,20.0,20.17,20.68
2M05340691+1001005,83.528815,10.01681,lambdaOrion,4860.0,4874.0,4990.0,3.82,3.94,4.03,-0.16,-0.14,-0.11,0.06,0.1,0.12,37.87,38.34,39.0
2M05341369+0929197,83.557079,9.488824,lambdaOrion,4438.0,4448.0,4518.0,3.81,3.84,3.95,-0.1,-0.1,-0.07,0.03,0.05,0.06,29.13,29.36,29.75
2M05341389+0923394,83.55791,9.394286,lambdaOrion,3325.0,3357.0,3427.0,3.85,4.01,4.11,0.07,0.27,0.37,-0.1,-0.08,-0.06,14.36,14.63,16.22
2M05342016+1039001,83.58404,10.650051,lambdaOrion,3524.0,3530.0,3591.0,3.83,3.85,3.88,-0.06,0.0,0.01,-0.08,-0.07,-0.05,14.99,15.34,16.68
2M05343282+0959308,83.636773,9.991908,lambdaOrion,4201.0,4215.0,4278.0,4.05,4.09,4.16,-0.1,-0.08,-0.05,-0.04,-0.03,-0.01,24.78,25.21,25.94
2M05343560+0959432,83.648364,9.995361,lambdaOrion,3521.0,3534.0,3591.0,3.44,3.51,3.76,-0.3,-0.27,-0.14,-0.09,-0.08,-0.05,16.22,17.11,19.67
2M05343779+0931529,83.657477,9.531362,lambdaOrion,3869.0,3875.0,3957.0,4.08,4.13,4.16,-0.13,-0.09,-0.08,-0.09,-0.08,-0.06,19.36,19.66,21.03
2M05343921+0952553,83.663384,9.882043,lambdaOrion,3969.0,4075.0,4128.0,3.92,4.04,4.17,-0.12,-0.08,0.01,-0.07,-0.05,-0.01,14.62,14.84,15.49
2M05344708+1018137,83.696169,10.303832,lambdaOrion,3357.0,3390.0,3474.0,3.62,3.66,3.77,0.01,0.05,0.06,-0.09,-0.09,-0.06,14.56,14.73,15.64
2M05344725+1002429,83.696883,10.045274,lambdaOrion,3871.0,3901.0,3997.0,3.71,3.74,3.82,-0.22,-0.2,-0.18,-0.12,-0.11,-0.08,28.64,28.87,29.59
2M05344845+0957156,83.70191,9.954351,lambdaOrion,3780.0,3794.0,3881.0,4.07,4.1,4.16,-0.09,-0.05,-0.04,-0.09,-0.08,-0.05,15.57,15.86,17.55
2M05345045+0951476,83.710211,9.863223,lambdaOrion,3792.0,3863.0,3894.0,4.05,4.09,4.15,-0.1,-0.07,-0.04,-0.08,-0.06,-0.04,24.04,24.36,25.39
2M05345375+0926570,83.723999,9.449167,lambdaOrion,3701.0,3731.0,3826.0,3.7,3.72,3.84,-0.16,-0.13,-0.07,-0.1,-0.09,-0.06,23.78,24.04,25.32
2M05350064+0951510,83.75269,9.864185,lambdaOrion,3522.0,3557.0,3653.0,3.67,3.74,3.83,-0.18,-0.05,0.01,-0.11,-0.1,-0.07,14.8,15.2,16.28
2M05350742+0958224,83.78093,9.972896,lambdaOrion,3314.0,3324.0,3383.0,3.43,3.46,3.56,-0.29,-0.26,-0.22,-0.07,-0.06,-0.04,15.89,16.57,18.22
2M05350833+0942537,83.784739,9.714943,lambdaOrion,4620.0,4624.0,4705.0,3.79,3.82,3.87,-0.13,-0.12,-0.1,0.05,0.06,0.07,33.87,34.04,34.43
2M05350955+0932091,83.789794,9.535882,lambdaOrion,4431.0,4439.0,4514.0,3.82,3.84,3.92,-0.11,-0.1,-0.07,0.02,0.03,0.05,15.33,15.44,16.08
2M05351606+0953374,83.816936,9.893747,lambdaOrion,3519.0,3527.0,3580.0,3.83,3.87,3.95,0.0,0.01,0.05,-0.07,-0.06,-0.03,14.46,14.85,15.85
2M05351717+0951114,83.821545,9.85318,lambdaOrion,3530.0,3548.0,3660.0,3.75,3.78,3.86,-0.06,0.0,0.03,-0.09,-0.07,-0.04,14.58,14.85,15.95
2M05351857+0944058,83.827403,9.734958,lambdaOrion,3506.0,3531.0,3588.0,3.57,3.67,3.83,-0.29,-0.21,-0.12,-0.1,-0.09,-0.07,29.68,31.33,33.99
2M05352216+0953586,83.842338,9.899629,lambdaOrion,3454.0,3516.0,3593.0,3.66,3.74,3.89,-0.17,-0.12,-0.01,-0.06,-0.05,0.0,41.5,42.68,43.75
2M05352219+0952275,83.842465,9.874318,lambdaOrion,3873.0,3881.0,3951.0,4.01,4.07,4.11,-0.11,-0.07,-0.05,-0.08,-0.07,-0.05,15.6,16.16,18.15
2M05352413+0918326,83.85055,9.309062,lambdaOrion,4090.0,4119.0,4184.0,4.08,4.18,4.25,-0.07,0.02,0.04,-0.04,-0.03,0.02,14.9,15.17,16.36
2M05352561+1011005,83.856732,10.183495,lambdaOrion,3325.0,3338.0,3392.0,3.38,3.4,3.53,-0.24,-0.22,-0.18,-0.11,-0.11,-0.09,42.84,43.96,44.61
2M05352897+0935210,83.870724,9.589171,lambdaOrion,4314.0,4321.0,4369.0,4.08,4.1,4.16,-0.04,-0.03,0.01,-0.01,-0.01,0.01,14.43,14.53,15.0
2M05353483+1000352,83.89515,10.0098,lambdaOrion,3669.0,3731.0,3773.0,3.75,3.85,4.0,-0.27,-0.21,-0.15,-0.09,-0.07,-0.05,16.97,19.15,19.83
2M05355133+0955112,83.963903,9.919791,lambdaOrion,3531.0,3550.0,3603.0,3.59,3.72,3.8,-0.2,-0.05,0.0,-0.1,-0.09,-0.07,19.79,20.67,22.9
2M05355709+0946525,83.987875,9.781274,lambdaOrion,3356.0,3371.0,3430.0,3.52,3.55,3.63,-0.29,-0.23,-0.2,-0.08,-0.08,-0.06,14.57,14.75,16.03
2M05360288+0942074,84.012018,9.702083,lambdaOrion,3934.0,3973.0,4079.0,4.06,4.14,4.28,-0.11,-0.07,0.02,-0.08,-0.07,-0.03,16.13,17.47,18.99
2M05360931+0947027,84.038824,9.784093,lambdaOrion,3250.0,3264.0,3324.0,3.56,3.64,3.79,-0.03,0.02,0.14,-0.09,-0.08,-0.06,14.32,14.58,15.46
2M05361857+0945089,84.077397,9.752475,lambdaOrion,4470.0,4477.0,4557.0,3.81,3.84,3.94,-0.12,-0.12,-0.09,0.04,0.05,0.07,20.96,21.1,21.74
2M05362019+0944018,84.084163,9.733855,lambdaOrion,3610.0,3659.0,3729.0,3.66,3.71,3.78,-0.13,-0.08,-0.01,-0.11,-0.1,-0.08,19.01,19.22,20.2
2M05362051+0952191,84.085469,9.871997,lambdaOrion,3916.0,3940.0,4016.0,3.91,4.04,4.12,-0.13,-0.09,-0.04,-0.09,-0.08,-0.05,19.3,19.64,20.63
2M05363981+0907156,84.165901,9.121009,lambdaOrion,4460.0,4472.0,4507.0,3.78,3.82,3.84,-0.08,-0.07,-0.06,0.02,0.03,0.05,29.95,30.12,30.78
2M05364710+1005517,84.196284,10.097712,lambdaOrion,3863.0,3871.0,3936.0,4.1,4.16,4.18,-0.14,-0.09,-0.08,-0.08,-0.07,-0.05,15.39,16.07,17.56
2M05365267+0952563,84.219484,9.882313,lambdaOrion,3348.0,3388.0,3493.0,3.48,3.69,3.92,-0.36,-0.19,-0.07,-0.09,-0.08,-0.03,24.63,27.64,31.38
2M05370084+0949045,84.253517,9.81792,lambdaOrion,4627.0,4644.0,4703.0,3.72,3.74,3.82,-0.05,-0.04,-0.02,0.01,0.04,0.05,33.07,33.28,33.6
2M05371260+0930331,84.302529,9.509214,lambdaOrion,3864.0,3871.0,3928.0,4.12,4.15,4.17,-0.09,-0.07,-0.04,-0.07,-0.06,-0.04,14.78,14.98,16.36
2M05375369+0955122,84.473722,9.920081,lambdaOrion,3515.0,3521.0,3570.0,3.88,3.91,3.93,-0.06,0.0,0.01,-0.07,-0.06,-0.04,13.11,14.19,14.6
2M05375962+0948336,84.498429,9.809361,lambdaOrion,3532.0,3557.0,3654.0,3.63,3.74,3.81,-0.18,-0.1,0.0,-0.1,-0.09,-0.05,40.68,42.74,44.02
2M05383060+0928054,84.627526,9.468173,lambdaOrion,3819.0,3837.0,3903.0,3.9,3.94,4.04,-0.08,-0.06,-0.03,-0.09,-0.09,-0.06,15.21,15.49,17.04
2M05383666+1017087,84.652763,10.285758,lambdaOrion,3319.0,3352.0,3407.0,3.48,3.58,3.73,-0.18,-0.11,0.0,-0.12,-0.11,-0.09,14.82,15.11,16.61
2M05384016+0937573,84.667348,9.632602,lambdaOrion,3781.0,3849.0,3887.0,4.11,4.18,4.23,-0.08,-0.06,-0.01,-0.07,-0.06,-0.03,15.72,16.15,17.73
2M05392102+0931221,84.837616,9.522813,lambdaOrion,3972.0,4024.0,4095.0,3.9,4.0,4.08,-0.11,-0.08,-0.04,-0.07,-0.05,-0.02,14.76,15.04,15.8
2M05403062+0920387,85.127598,9.344102,lambdaOrion,4535.0,4545.0,4617.0,3.83,3.9,4.0,-0.11,-0.1,-0.07,0.05,0.07,0.09,18.89,19.03,19.3
2M05403462+0922046,85.144257,9.36796,lambdaOrion,4107.0,4131.0,4181.0,3.87,4.13,4.19,-0.08,0.04,0.06,-0.05,-0.04,0.01,13.97,14.46,15.08
2M05413168+1010264,85.382003,10.174005,lambdaOrion,3668.0,3736.0,3780.0,3.63,3.68,3.73,-0.2,-0.17,-0.15,-0.09,-0.08,-0.05,39.81,42.83,44.34
2M05414484+0913061,85.436854,9.218362,lambdaOrion,3777.0,3828.0,3860.0,3.7,3.75,3.78,-0.22,-0.19,-0.17,-0.07,-0.06,-0.03,33.92,34.38,35.18
2M05415231+0940189,85.467982,9.671935,lambdaOrion,3365.0,3427.0,3460.0,3.41,3.44,3.55,-0.3,-0.28,-0.25,-0.07,-0.06,-0.02,29.83,30.62,32.26
2M05431537+0929309,85.814067,9.491939,lambdaOrion,3876.0,3892.0,3951.0,4.11,4.16,4.18,-0.12,-0.08,-0.07,-0.06,-0.05,-0.03,14.43,14.55,15.4
2M05435234+0917005,85.968092,9.283478,lambdaOrion,3228.0,3260.0,3334.0,3.08,3.17,3.38,-0.51,-0.48,-0.38,-0.06,-0.05,-0.02,29.01,29.64,30.82
2M05440208+0915374,86.008688,9.2604,lambdaOrion,3454.0,3465.0,3528.0,3.5,3.52,3.66,-0.17,-0.11,-0.08,-0.08,-0.07,-0.05,19.36,19.68,20.61
2M05441064+0912451,86.044365,9.212548,lambdaOrion,4425.0,4468.0,4561.0,4.17,4.25,4.28,0.06,0.09,0.1,0.0,0.02,0.05,14.2,14.33,14.65
2M05443627+0951439,86.151134,9.862199,lambdaOrion,3451.0,3473.0,3533.0,3.59,3.7,3.79,-0.07,0.01,0.05,-0.1,-0.09,-0.07,29.52,30.19,31.46
2M03403148+2333024,55.131196,23.550671,Pleyades,3749.0,3763.0,3856.0,4.38,4.65,4.74,-0.11,0.08,0.13,-0.08,-0.07,-0.05,15.38,16.49,19.35
2M03403436+2340574,55.143183,23.682613,Pleyades,5373.0,5420.0,5463.0,4.4,4.44,4.47,0.02,0.04,0.06,0.02,0.04,0.05,14.85,14.93,15.41
2M03405042+2325064,55.210121,23.418465,Pleyades,5490.0,5504.0,5578.0,4.33,4.35,4.4,-0.09,-0.08,-0.05,-0.08,-0.07,-0.05,14.94,15.04,15.54
2M03405126+2335543,55.213595,23.598438,Pleyades,4558.0,4573.0,4614.0,4.68,4.72,4.73,0.12,0.14,0.14,0.0,0.02,0.03,14.15,14.28,14.63
2M03410297+2343217,55.262409,23.722698,Pleyades,3366.0,3377.0,3407.0,4.77,4.89,4.93,0.05,0.17,0.19,-0.07,-0.06,-0.05,15.24,15.56,16.88
2M03412782+2342300,55.365918,23.708357,Pleyades,5247.0,5290.0,5319.5,4.39,4.42,4.44,0.08,0.1,0.11,0.04,0.06,0.07,14.27,14.37,14.69
2M03413616+2537095,55.400674,25.619331,Pleyades,5341.0,5426.0,5620.0,3.81,3.91,4.06,-0.33,-0.28,-0.18,0.0,0.04,0.07,39.87,41.44,42.61
2M03415906+2555153,55.496101,25.920921,Pleyades,4604.0,4621.0,4656.0,4.39,4.44,4.49,0.06,0.07,0.08,0.0,0.01,0.04,14.57,14.71,15.12
2M03420286+2412363,55.511931,24.21011,Pleyades,3463.0,3470.0,3503.0,4.15,4.17,4.27,-0.09,-0.07,-0.03,-0.08,-0.07,-0.05,34.1,34.91,35.75
2M03420291+2355538,55.512161,23.931625,Pleyades,3288.0,3300.0,3384.0,4.11,4.15,4.23,0.14,0.19,0.25,-0.08,-0.07,-0.05,24.84,25.57,27.05
2M03420329+2432134,55.513731,24.537067,Pleyades,3426.0,3459.0,3495.0,4.19,4.24,4.34,-0.09,-0.03,0.09,-0.08,-0.07,-0.05,15.92,17.03,19.02
2M03420470+2553091,55.519609,25.885885,Pleyades,4613.0,4623.0,4705.0,4.47,4.53,4.59,0.06,0.07,0.09,0.0,0.01,0.04,14.53,14.75,15.24
2M03420883+2335171,55.536825,23.588104,Pleyades,3477.0,3494.0,3556.0,4.09,4.15,4.3,0.03,0.05,0.15,-0.09,-0.08,-0.06,15.06,15.44,17.22
2M03422153+2439527,55.589748,24.66466,Pleyades,3895.0,3915.0,3992.0,4.2,4.24,4.27,-0.1,-0.09,-0.05,-0.07,-0.06,-0.03,15.63,15.97,17.67
2M03422628+2253408,55.609533,22.894669,Pleyades,4113.0,4193.0,4280.0,4.72,4.8,4.89,-0.03,0.03,0.11,0.0,0.11,0.15,14.59,14.99,16.53
2M03422759+2502492,55.614992,25.047003,Pleyades,4606.0,4623.0,4675.0,4.44,4.54,4.59,0.07,0.08,0.1,0.0,0.01,0.03,14.4,14.63,15.07
2M03422864+2501004,55.619373,25.016804,Pleyades,3436.0,3455.0,3491.0,4.21,4.25,4.35,-0.12,-0.1,-0.02,-0.08,-0.07,-0.06,19.96,21.5,23.06
2M03424379+2532064,55.682472,25.535126,Pleyades,3297.0,3306.0,3418.0,4.25,4.31,4.36,-0.02,0.14,0.17,-0.09,-0.08,-0.06,14.73,15.19,16.22
2M03430293+2440110,55.76223,24.669737,Pleyades,5042.0,5092.0,5122.0,4.42,4.47,4.53,0.07,0.09,0.11,-0.04,-0.02,0.01,14.53,14.63,15.04
2M03431211+2444453,55.800497,24.745924,Pleyades,3196.0,3201.0,3260.0,3.83,3.84,3.96,-0.07,-0.03,0.0,-0.13,-0.12,-0.1,34.03,34.79,35.66
2M03432820+2453311,55.867512,24.891987,Pleyades,3289.0,3298.0,3333.0,4.3,4.34,4.39,0.02,0.14,0.15,-0.09,-0.08,-0.07,28.54,29.6,31.05
2M03433413+2535261,55.89223,25.590605,Pleyades,3284.0,3298.0,3335.0,4.29,4.36,4.4,0.01,0.14,0.16,-0.11,-0.1,-0.08,15.63,16.24,18.03
2M03433659+2327142,55.902487,23.453957,Pleyades,4028.0,4053.0,4099.0,4.68,4.72,4.75,0.09,0.13,0.14,-0.05,-0.03,0.01,15.72,16.23,17.91
2M03433692+2423382,55.903838,24.39395,Pleyades,3974.0,4000.0,4103.0,4.3,4.36,4.56,-0.05,0.0,0.07,-0.06,-0.06,-0.02,24.75,25.26,26.5
2M03433772+2332096,55.907204,23.536011,Pleyades,5455.0,5498.0,5548.0,4.38,4.41,4.46,-0.09,-0.06,-0.05,-0.08,-0.07,-0.06,15.27,15.36,15.85
2M03434371+2429157,55.932129,24.487719,Pleyades,3389.0,3453.0,3490.0,4.15,4.24,4.3,-0.06,0.02,0.15,-0.1,-0.08,-0.06,13.41,14.61,15.6
2M03434496+2303213,55.937357,23.05592,Pleyades,3452.0,3473.0,3535.0,4.24,4.25,4.37,-0.18,-0.13,-0.12,-0.07,-0.06,-0.04,14.51,14.8,15.73
2M03434860+2332218,55.9525,23.539402,Pleyades,4265.0,4291.0,4375.0,4.28,4.39,4.63,-0.09,-0.07,-0.01,-0.03,-0.01,0.04,11.28,13.68,14.58
2M03434901+2543466,55.954216,25.729616,Pleyades,4815.0,4866.0,4905.0,4.24,4.31,4.39,-0.03,0.0,0.02,0.04,0.06,0.08,15.36,15.52,16.11
2M03435214+2450298,55.967272,24.841614,Pleyades,4028.0,4054.0,4094.0,4.59,4.67,4.76,0.03,0.08,0.11,-0.04,-0.02,0.01,14.82,15.35,16.96
2M03435569+2425350,55.982058,24.42639,Pleyades,3831.0,3853.0,3921.0,4.24,4.29,4.45,-0.07,-0.02,0.04,-0.07,-0.06,-0.02,14.67,15.0,16.21
2M03435668+2515441,55.986196,25.26NGC2264,Pleyades,3509.0,3524.0,3562.0,4.17,4.18,4.24,-0.01,0.0,0.02,-0.09,-0.09,-0.06,14.88,14.99,16.65
2M03435669+2459367,55.986245,24.993528,Pleyades,3456.0,3465.0,3513.0,4.18,4.21,4.31,-0.09,-0.07,-0.01,-0.09,-0.07,-0.06,14.3,14.49,15.19
2M03440059+2332382,56.002471,23.543961,Pleyades,5409.0,5441.0,5533.0,4.24,4.28,4.36,-0.08,-0.06,-0.03,0.03,0.05,0.08,16.01,16.29,16.88
2M03440227+2503537,56.009483,25.064943,Pleyades,3474.0,3488.0,3564.0,4.14,4.17,4.27,-0.1,-0.07,-0.05,-0.07,-0.06,-0.03,14.44,14.64,15.51
2M03440353+2430151,56.014746,24.504206,Pleyades,5027.0,5147.0,5258.0,4.02,4.11,4.2,-0.22,-0.16,-0.12,-0.06,-0.01,0.07,39.51,40.32,42.38
2M03440484+2416318,56.020167,24.275501,Pleyades,5044.0,5068.0,5124.5,4.35,4.37,4.41,-0.07,-0.06,-0.03,0.01,0.02,0.03,15.09,15.19,15.75
2M03440509+2529017,56.021221,25.483807,Pleyades,4668.0,4691.0,4755.0,4.41,4.46,4.55,-0.05,-0.04,-0.01,0.01,0.02,0.04,14.35,14.5,14.89
2M03440959+2435222,56.039978,24.58952,Pleyades,3354.0,3391.0,3421.0,4.27,4.35,4.42,-0.3,-0.24,-0.19,0.0,0.05,0.07,11.32,13.03,14.47
2M03441120+2322455,56.04669,23.37933,Pleyades,4834.0,4861.0,4959.0,4.26,4.32,4.38,-0.08,-0.06,-0.04,0.0,0.02,0.06,20.58,20.86,21.51
2M03441307+2401509,56.054464,24.030828,Pleyades,6048.0,6665.0,7224.0,3.04,3.62,4.22,-1.01,-0.36,0.24,-0.47,-0.19,0.12,13.14,25.06,35.22
2M03441391+2446457,56.05798,24.779388,Pleyades,5587.0,5598.0,5671.0,4.25,4.27,4.32,-0.09,-0.08,-0.04,0.0,0.03,0.05,14.19,14.3,14.57
2M03441466+2406065,56.061119,24.101816,Pleyades,5473.0,5485.0,5571.0,4.21,4.24,4.28,-0.1,-0.09,-0.06,-0.01,0.03,0.05,20.15,20.35,20.92
2M03442008+2447461,56.083687,24.796156,Pleyades,4871.0,4935.0,5051.5,3.89,3.96,4.07,-0.21,-0.18,-0.14,0.07,0.1,0.12,40.61,42.31,42.6
2M03442481+2446062,56.103379,24.76841,Pleyades,3528.0,3542.0,3640.0,4.07,4.1,4.25,0.02,0.04,0.06,-0.08,-0.07,-0.05,25.97,27.16,28.61
2M03442559+2440528,56.106631,24.681358,Pleyades,3370.0,3394.0,3483.0,4.42,4.66,4.76,-0.21,-0.06,0.04,-0.05,-0.03,0.03,14.69,15.03,17.63
2M03442627+2435229,56.109485,24.589705,Pleyades,4643.0,4662.0,4700.0,4.18,4.19,4.22,-0.11,-0.1,-0.08,0.05,0.07,0.08,24.37,24.54,25.16
2M03443006+2535470,56.125288,25.596395,Pleyades,3845.0,3855.0,3879.0,4.64,4.72,4.74,0.11,0.14,0.17,-0.04,-0.03,-0.01,19.45,19.89,21.17
2M03443627+2330112,56.151163,23.50313,Pleyades,3328.0,3443.0,3530.0,4.18,4.29,4.43,-0.13,0.11,0.24,-0.1,-0.07,-0.03,17.56,20.25,24.76
2M03443741+2508160,56.155898,25.137793,Pleyades,4364.0,4377.0,4435.0,4.34,4.38,4.6,-0.03,-0.02,0.06,-0.02,-0.01,0.01,14.29,14.59,15.17
2M03444075+2449067,56.1698,24.818542,Pleyades,5880.0,5928.0,5947.5,4.19,4.22,4.25,-0.07,-0.05,-0.04,-0.06,-0.04,-0.03,23.63,23.76,24.04
2M03444394+2529574,56.183106,25.499289,Pleyades,4895.0,4934.0,5083.0,4.32,4.39,4.46,0.01,0.03,0.07,-0.02,0.03,0.06,14.65,14.77,15.18
2M03444398+2413523,56.183251,24.231215,Pleyades,5295.0,5309.0,5347.0,4.4,4.42,4.45,-0.03,-0.02,-0.01,-0.04,-0.03,-0.01,14.26,14.38,14.63
2M03445123+2316082,56.213483,23.268969,Pleyades,6013.0,6218.0,6413.0,3.93,4.14,4.37,-0.42,-0.33,-0.22,-0.11,-0.06,-0.03,28.84,29.1,30.09
2M03445383+2355165,56.224305,23.921267,Pleyades,5611.0,5624.0,5709.0,4.15,4.2,4.25,-0.14,-0.12,-0.08,0.0,0.02,0.04,25.42,25.71,26.24
2M03445639+2425574,56.234988,24.432623,Pleyades,5594.0,5615.0,5647.0,4.16,4.2,4.24,-0.12,-0.11,-0.09,-0.1,-0.08,-0.05,21.35,21.73,22.9
2M03445895+2323202,56.245649,23.388964,Pleyades,4098.0,4106.0,4160.0,4.66,4.69,4.71,0.07,0.11,0.12,-0.05,-0.05,-0.01,14.72,14.82,15.85
2M03450326+2350219,56.263602,23.839439,Pleyades,5083.0,5107.0,5130.0,4.53,4.55,4.58,0.05,0.06,0.07,0.01,0.03,0.04,13.6,14.16,14.26
2M03450400+2515282,56.266691,25.257841,Pleyades,5522.0,5555.0,5584.0,4.28,4.32,4.36,-0.07,-0.05,-0.03,-0.03,0.03,0.04,16.39,16.61,17.38
2M03450528+2342097,56.272009,23.702707,Pleyades,6469.0,6533.0,6560.0,4.27,4.32,4.34,-0.18,-0.15,-0.15,-0.03,-0.01,0.0,23.89,24.01,24.43
2M03450531+2529112,56.27214,25.486446,Pleyades,3405.0,3441.0,3485.0,4.2,4.28,4.33,0.0,0.09,0.16,-0.1,-0.09,-0.07,14.73,15.31,16.79
2M03451198+2435103,56.299944,24.586195,Pleyades,4080.0,4111.0,4154.0,4.65,4.71,4.75,0.08,0.11,0.14,-0.06,-0.03,0.01,15.14,15.67,17.72
2M03451664+2434325,56.319364,24.575706,Pleyades,3351.0,3451.0,3481.0,4.25,4.54,4.72,0.03,0.18,0.23,-0.07,-0.05,-0.03,25.38,26.9,30.59
2M03452219+2328182,56.342478,23.471731,Pleyades,4824.0,4851.0,4920.0,4.43,4.46,4.64,-0.01,0.01,0.04,-0.04,-0.03,-0.02,12.13,14.1,14.22
2M03452412+2453095,56.350531,24.885977,Pleyades,5670.0,5719.0,5747.0,3.99,4.03,4.1,-0.33,-0.3,-0.29,-0.17,-0.16,-0.13,35.81,37.51,37.84
2M03453671+2439068,56.402985,24.651894,Pleyades,3201.0,3253.0,3305.0,3.83,4.14,4.26,-0.03,0.15,0.24,-0.13,-0.11,-0.09,38.6,41.49,43.41
2M03454407+2404268,56.433651,24.07412,Pleyades,4055.0,4090.0,4134.0,4.68,4.75,4.77,0.09,0.13,0.14,-0.04,-0.02,0.01,14.29,14.53,15.59
2M03460381+2527108,56.515878,25.453009,Pleyades,3996.0,4057.0,4110.0,4.41,4.55,4.69,-0.09,-0.06,0.05,-0.04,-0.03,0.03,14.53,14.93,16.32
2M03460649+2434027,56.527062,24.567419,Pleyades,4606.0,4622.0,4677.0,4.44,4.53,4.58,0.07,0.08,0.1,0.0,0.01,0.03,14.28,14.48,14.81
2M03460689+2433461,56.528742,24.562807,Pleyades,4455.0,4467.0,4526.0,4.33,4.35,4.43,0.04,0.05,0.07,-0.01,0.0,0.02,14.56,14.74,15.28
2M03460750+2422278,56.531266,24.374397,Pleyades,3775.0,3791.0,3867.0,4.23,4.25,4.37,-0.13,-0.1,-0.06,-0.07,-0.06,-0.04,14.51,14.7,15.75
2M03460836+2320510,56.534868,23.347509,Pleyades,4155.0,4166.0,4211.0,4.64,4.69,4.71,0.09,0.13,0.14,-0.06,-0.05,-0.02,15.02,15.23,16.48
2M03461174+2437203,56.548937,24.622314,Pleyades,4929.0,4961.0,5066.0,4.22,4.25,4.33,-0.1,-0.09,-0.05,0.01,0.03,0.05,14.5,14.6,15.02
2M03461286+2403158,56.55359,24.054396,Pleyades,4031.0,4047.0,4110.0,4.6,4.66,4.67,0.09,0.12,0.14,-0.06,-0.04,0.0,23.66,24.04,25.28
2M03461799+2329119,56.574959,23.486664,Pleyades,6092.0,6140.0,6244.0,4.44,4.48,4.54,-0.12,-0.08,-0.04,-0.12,-0.1,-0.08,37.41,37.8,38.02
2M03462047+2447077,56.585297,24.78548,Pleyades,4155.0,4167.0,4210.0,4.63,4.67,4.72,0.07,0.11,0.12,-0.05,-0.04,-0.01,12.33,14.18,14.68
2M03462267+2434126,56.59448,24.570177,Pleyades,5799.0,5926.0,6056.0,4.41,4.54,4.62,-0.02,0.06,0.11,-0.08,-0.06,-0.03,15.59,15.77,16.39
2M03462735+2508080,56.613966,25.135563,Pleyades,5672.0,5799.0,5866.0,4.38,4.44,4.56,-0.05,0.02,0.04,-0.09,-0.07,-0.04,15.68,15.82,16.42
2M03462777+2335337,56.615739,23.592699,Pleyades,4453.0,4458.0,4557.0,4.19,4.2,4.26,-0.1,-0.1,-0.08,0.04,0.05,0.07,15.88,16.04,16.82
2M03462841+2426021,56.618376,24.433918,Pleyades,4927.0,5037.0,5084.0,4.18,4.28,4.33,-0.23,-0.2,-0.18,-0.08,-0.06,-0.04,37.8,38.15,38.46
2M03462862+2445323,56.619257,24.758995,Pleyades,4052.0,4093.0,4127.0,4.63,4.71,4.77,0.07,0.12,0.14,-0.06,-0.03,-0.01,12.01,13.46,15.01
2M03463479+2256077,56.644974,22.93549,Pleyades,3862.0,3872.0,3931.0,4.62,4.67,4.71,0.1,0.16,0.17,-0.04,-0.04,-0.01,14.37,15.03,16.51
2M03463532+2324424,56.647173,23.411779,Pleyades,3881.0,3891.0,3998.0,4.56,4.59,4.61,0.12,0.2,0.2,-0.07,-0.06,-0.03,24.84,25.52,26.85
2M03463878+2457346,56.661587,24.959629,Pleyades,5845.0,5882.0,5955.0,4.37,4.41,4.46,-0.12,-0.09,-0.06,-0.12,-0.1,-0.08,23.82,23.98,24.35
2M03463889+2431132,56.662043,24.520344,Pleyades,4442.0,4453.0,4509.0,4.67,4.71,4.73,0.11,0.13,0.14,0.02,0.03,0.05,14.09,14.21,14.61
2M03463932+2406116,56.663857,24.103243,Pleyades,6319.0,6354.0,6495.0,4.57,4.65,4.71,-0.12,-0.1,-0.03,-0.15,-0.12,-0.09,33.11,33.42,33.85
2M03463938+2401468,56.664103,24.029688,Pleyades,4643.0,4677.0,4736.0,4.38,4.44,4.51,0.0,0.02,0.04,-0.05,-0.03,-0.03,14.18,14.35,14.63
2M03463999+2306373,56.666655,23.110371,Pleyades,6177.0,6355.0,6478.0,4.34,4.53,4.63,-0.2,-0.11,-0.04,-0.11,-0.07,-0.04,34.48,34.82,35.42
2M03464706+2254525,56.696086,22.914593,Pleyades,5574.0,5623.0,5718.0,4.25,4.35,4.42,-0.12,-0.1,-0.05,-0.12,-0.09,-0.07,19.96,20.15,20.75
2M03465403+2514449,56.725129,25.245825,Pleyades,3456.0,3464.0,3518.0,4.13,4.19,4.25,-0.04,0.01,0.02,-0.09,-0.08,-0.05,14.06,14.43,15.29
2M03465491+2447468,56.728828,24.796349,Pleyades,5593.0,5613.0,5679.0,4.3,4.36,4.42,-0.12,-0.1,-0.06,-0.05,-0.02,0.01,12.27,14.06,14.25
2M03465709+2315025,56.737888,23.250708,Pleyades,3650.0,3654.0,3740.0,4.13,4.17,4.24,0.01,0.08,0.11,-0.08,-0.07,-0.03,29.83,30.81,33.44
2M03470141+2329419,56.75591,23.494984,Pleyades,5180.0,5206.0,5264.0,4.39,4.42,4.47,0.02,0.03,0.06,0.01,0.04,0.05,14.28,14.4,14.64
2M03470813+2418246,56.783913,24.30686,Pleyades,3299.0,3315.0,3374.0,4.39,4.47,4.54,0.0,0.07,0.12,-0.07,-0.06,-0.05,14.43,14.74,15.9
2M03471365+2349535,56.806914,23.831533,Pleyades,3299.0,3398.0,3465.0,4.2,4.27,4.33,-0.11,0.0,0.17,-0.09,-0.08,-0.06,39.01,43.06,44.43
2M03471480+2522186,56.811691,25.37184,Pleyades,4852.0,4870.0,4938.0,4.31,4.38,4.47,-0.13,-0.12,-0.09,0.0,0.02,0.04,14.81,14.98,15.44
2M03471935+2408208,56.830625,24.139126,Pleyades,6413.0,6474.0,6501.0,3.66,3.71,3.75,-0.47,-0.44,-0.42,-0.02,0.0,0.02,24.22,24.76,25.52
2M03472083+2505123,56.836802,25.086767,Pleyades,3644.0,3707.0,3725.0,4.34,4.41,4.46,-0.01,0.01,0.09,-0.08,-0.06,-0.04,13.69,14.3,14.91
2M03472296+2450562,56.845684,24.848961,Pleyades,3249.0,3296.0,3326.0,4.29,4.33,4.36,0.11,0.18,0.21,-0.12,-0.11,-0.1,25.58,26.52,28.7
2M03473800+2328051,56.908342,23.468096,Pleyades,4365.0,4381.0,4422.0,4.71,4.75,4.79,0.03,0.07,0.09,0.04,0.08,0.12,14.12,14.46,15.26
2M03474044+2421525,56.918539,24.364594,Pleyades,5434.0,5460.0,5548.0,4.13,4.16,4.22,-0.03,0.0,0.03,-0.06,-0.05,-0.03,19.99,20.13,20.57
2M03475094+2430188,56.96225,24.505238,Pleyades,3496.0,3553.0,3605.0,4.28,4.65,4.73,-0.1,0.01,0.12,-0.07,-0.05,-0.04,19.69,20.46,23.1
2M03475252+2356286,56.968837,23.941282,Pleyades,5955.0,5999.0,6126.0,4.26,4.33,4.42,-0.11,-0.09,-0.03,-0.06,-0.03,-0.01,23.98,24.13,24.5
2M03480581+2302030,57.024237,23.034182,Pleyades,3433.0,3453.0,3507.0,4.24,4.31,4.38,-0.11,-0.04,0.02,-0.07,-0.06,-0.04,14.63,15.09,16.04
2M03480796+2344238,57.033187,23.739946,Pleyades,3209.0,3250.0,3289.0,4.08,4.16,4.23,-0.24,-0.18,-0.16,-0.1,-0.09,-0.07,19.06,19.31,19.94
2M03481686+2512546,57.070268,25.21517,Pleyades,5796.0,5816.0,5841.0,3.83,3.85,3.9,-0.34,-0.32,-0.31,-0.11,-0.1,-0.09,28.29,28.49,28.76
2M03481712+2353253,57.071342,23.890385,Pleyades,5562.0,5620.0,5640.5,4.27,4.36,4.39,-0.12,-0.1,-0.07,-0.11,-0.09,-0.07,16.65,16.88,17.51
2M03481729+2430160,57.072042,24.504456,Pleyades,4059.0,4077.0,4119.0,4.68,4.76,4.78,0.07,0.12,0.13,-0.04,-0.02,0.0,14.11,14.41,15.45
2M03481983+2336121,57.082628,23.603373,Pleyades,3062.0,3094.0,3196.0,4.16,4.36,4.64,-0.33,-0.17,0.0,-0.25,-0.25,-0.22,20.78,23.76,29.85
2M03482028+2454552,57.084518,24.915359,Pleyades,3201.0,3216.0,3278.0,3.81,3.84,4.0,-0.18,-0.09,-0.05,-0.12,-0.11,-0.09,28.42,29.46,30.75
2M03482616+2402544,57.109023,24.048445,Pleyades,5821.0,5926.0,6002.0,4.36,4.42,4.5,-0.15,-0.09,-0.06,-0.13,-0.12,-0.1,19.28,19.39,19.81
2M03483451+2326053,57.143806,23.434818,Pleyades,5623.0,5820.0,5835.0,4.31,4.46,4.49,-0.15,-0.07,-0.06,-0.12,-0.1,-0.08,18.9,19.02,19.33
2M03483764+2246095,57.156844,22.76932,Pleyades,4000.0,4037.0,4070.0,4.69,4.75,4.78,0.06,0.11,0.12,-0.04,-0.02,0.0,14.46,14.83,16.25
2M03484542+2320201,57.189275,23.338938,Pleyades,4382.0,4392.0,4437.0,4.67,4.72,4.74,0.08,0.12,0.13,0.0,0.02,0.04,15.21,15.66,16.62
2M03491230+2313421,57.301254,23.228373,Pleyades,4067.0,4093.0,4133.0,4.65,4.71,4.75,0.1,0.13,0.15,-0.06,-0.04,-0.02,13.57,14.24,15.05
2M03493302+2432027,57.387615,24.534105,Pleyades,3407.0,3462.0,3504.0,4.41,4.79,4.86,-0.06,0.01,0.12,-0.03,0.04,0.07,12.75,14.28,14.96
2M03493653+2417460,57.402244,24.296135,Pleyades,4837.0,4885.0,4974.0,4.25,4.28,4.35,-0.09,-0.07,-0.04,0.05,0.07,0.09,14.41,14.57,14.87
2M03494092+2320298,57.420506,23.341612,Pleyades,6628.0,6645.0,6692.0,3.85,3.87,3.9,-0.38,-0.35,-0.32,0.1,0.15,0.17,37.42,37.96,38.42
2M03494227+2427470,57.426129,24.46306,Pleyades,4719.0,4757.0,4862.0,4.23,4.26,4.36,-0.08,-0.07,-0.04,-0.02,0.0,0.03,14.52,14.64,15.05
2M03494270+2419077,57.42793,24.318832,Pleyades,3199.0,3215.0,3273.0,3.96,4.1,4.31,-0.26,-0.15,-0.12,-0.09,-0.08,-0.04,23.61,24.4,25.17
2M03495833+2342340,57.493065,23.709459,Pleyades,3458.0,3472.0,3521.0,4.15,4.19,4.25,-0.09,-0.05,0.0,-0.08,-0.06,-0.04,20.91,21.54,22.73
2M03500216+2351449,57.509038,23.86248,Pleyades,3350.0,3378.0,3457.0,4.46,4.67,4.79,-0.34,-0.23,-0.14,-0.04,-0.02,0.02,21.51,23.59,24.8
2M03500505+2407264,57.521068,24.12402,Pleyades,4088.0,4100.0,4154.0,4.62,4.65,4.68,0.08,0.1,0.12,-0.05,-0.04,0.01,14.36,14.45,15.3
2M03501240+2431586,57.551675,24.532957,Pleyades,4409.0,4421.0,4482.0,4.65,4.69,4.73,0.08,0.1,0.12,0.0,0.0,0.04,14.55,14.71,15.64
2M03501244+2355363,57.551868,23.92675,Pleyades,3010.0,3045.0,3201.0,3.85,3.9,4.16,-0.45,-0.42,-0.36,-0.1,-0.09,-0.06,18.04,19.22,19.99
2M03501290+2421067,57.55378,24.351881,Pleyades,3532.0,3544.0,3646.0,4.13,4.15,4.33,0.0,0.01,0.04,-0.08,-0.07,-0.04,14.19,14.43,15.11
2M03501766+2522464,57.573607,25.37956,Pleyades,6219.0,6365.0,6409.0,4.44,4.6,4.65,-0.19,-0.13,-0.09,-0.12,-0.1,-0.07,25.9,26.34,27.12
2M03502089+2428003,57.58708,24.466755,Pleyades,5333.0,5365.0,5405.0,4.27,4.3,4.34,-0.04,-0.01,0.0,-0.04,-0.03,0.03,14.07,14.25,14.42
2M03502291+2211181,57.595462,22.188366,Pleyades,3981.0,4001.0,4086.0,4.32,4.4,4.62,-0.14,-0.09,0.01,-0.07,-0.05,-0.03,15.53,16.26,18.39
2M03503457+2430281,57.644052,24.507822,Pleyades,4560.0,4599.0,4630.5,4.27,4.3,4.34,-0.02,0.02,0.03,-0.02,0.01,0.02,15.95,16.27,16.84
2M03503890+2313028,57.662113,23.217459,Pleyades,3295.0,3305.0,3416.0,4.14,4.25,4.3,0.08,0.2,0.23,-0.11,-0.1,-0.07,30.34,32.61,34.14
2M03504007+2355590,57.666983,23.933065,Pleyades,5810.0,5857.0,5872.0,4.46,4.5,4.52,-0.14,-0.12,-0.11,-0.12,-0.1,-0.08,26.62,27.73,28.25
2M03504895+2240122,57.703983,22.670065,Pleyades,3467.0,3472.0,3526.75,4.14,4.16,4.24,-0.09,-0.07,-0.04,-0.06,-0.05,-0.03,18.89,19.19,20.0
2M03505508+2411508,57.729525,24.197466,Pleyades,5176.0,5231.0,5259.0,4.43,4.48,4.51,-0.01,0.02,0.03,-0.05,-0.04,-0.02,14.21,14.34,14.58
2M03505741+2406310,57.739232,24.108618,Pleyades,3400.0,3432.0,3501.0,3.95,4.11,4.39,-0.36,-0.31,-0.17,-0.08,-0.06,-0.03,14.46,14.74,15.86
2M03511207+2355575,57.800319,23.932665,Pleyades,3808.0,3852.0,3890.0,4.63,4.73,4.79,0.1,0.15,0.24,-0.07,-0.04,-0.01,12.24,14.39,15.83
2M03511685+2349357,57.820232,23.826605,Pleyades,4795.0,4824.0,4895.0,4.38,4.41,4.47,0.04,0.05,0.07,-0.03,-0.02,-0.01,14.14,14.29,14.51
2M03512381+2250293,57.849215,22.841484,Pleyades,4055.0,4078.0,4132.0,4.65,4.7,4.74,0.05,0.11,0.12,-0.05,-0.04,0.0,14.75,15.0,16.31
2M03512387+2206482,57.849465,22.113394,Pleyades,4442.0,4454.0,4522.5,4.56,4.59,4.63,-0.04,-0.03,-0.01,-0.01,0.02,0.04,14.4,14.56,15.21
2M03512440+2405147,57.851675,24.087425,Pleyades,4408.0,4420.0,4469.0,4.59,4.66,4.71,0.07,0.11,0.13,0.0,0.02,0.04,14.39,14.57,15.46
2M03512533+2353215,57.855558,23.88933,Pleyades,4136.0,4151.0,4209.0,4.66,4.7,4.74,0.06,0.1,0.12,-0.05,-0.03,0.01,12.49,14.22,14.9
2M03512993+2353572,57.87473,23.899225,Pleyades,4151.0,4167.0,4201.0,4.26,4.29,4.34,-0.08,-0.06,-0.04,-0.03,-0.02,0.01,32.28,33.12,33.52
2M03513927+2432561,57.913652,24.548941,Pleyades,4588.0,4601.0,4652.0,4.29,4.3,4.34,-0.09,-0.08,-0.07,-0.02,-0.02,0.0,15.84,16.03,16.95
2M04131414+2819108,63.308926,28.319677,Tauro,3435.0,3475.0,3527.0,3.28,3.36,3.42,-0.28,-0.26,-0.19,-0.06,-0.05,-0.03,33.88,34.22,35.09
2M04140747+2656134,63.531146,26.937082,Tauro,3466.0,3477.0,3512.0,4.02,4.08,4.15,-0.05,0.0,0.03,-0.09,-0.08,-0.07,23.79,24.05,25.01
2M04154278+2909597,63.928283,29.166586,Tauro,3869.0,3902.0,3951.0,3.77,3.81,3.85,-0.11,-0.09,-0.06,-0.07,-0.06,-0.03,14.65,14.77,15.67
2M04162810+2807358,64.117121,28.126614,Tauro,3678.0,3752.0,3787.0,3.6,3.66,3.72,-0.2,-0.17,-0.15,-0.1,-0.08,-0.07,31.74,33.05,33.67
2M04192625+2826142,64.859416,28.437305,Tauro,3774.0,3822.0,3856.0,3.81,3.86,3.92,-0.12,-0.09,-0.07,-0.1,-0.09,-0.07,18.58,19.08,19.61
2M04194819+2750007,64.950811,27.833555,Tauro,3433.0,3449.0,3502.0,3.5,3.57,3.67,-0.29,-0.24,-0.21,-0.07,-0.06,-0.04,15.91,16.31,17.86
2M04202588+2816416,65.107869,28.278227,Tauro,5728.0,5748.0,5838.0,3.89,3.92,4.11,-0.1,-0.08,-0.06,-0.09,-0.06,-0.03,18.01,18.93,19.1
2M04203918+2717317,65.163269,27.29215,Tauro,3190.0,3262.0,3315.0,3.25,3.36,3.44,-0.33,-0.24,-0.1,-0.06,-0.04,-0.02,24.08,24.53,25.81
2M04225629+1948324,65.734551,19.809008,Tauro,4298.0,4311.0,4379.0,4.25,4.27,4.39,-0.07,-0.06,0.02,-0.01,0.0,0.04,14.19,14.58,15.16
2M04281747+1844294,67.072801,18.741508,Tauro,6291.0,6354.0,6369.0,4.45,4.5,4.53,0.07,0.1,0.11,-0.09,-0.07,-0.04,14.27,14.37,14.67
2M04304184+1719428,67.674364,17.328566,Tauro,3149.0,3181.0,3225.0,3.71,3.76,3.82,-0.12,-0.04,0.01,-0.1,-0.09,-0.07,26.93,28.46,29.89
2M04311444+2710179,67.810168,27.171665,Tauro,3873.0,3880.0,3933.0,4.04,4.1,4.12,-0.09,-0.06,-0.04,-0.07,-0.06,-0.04,19.15,19.34,20.4
2M04311578+1820072,67.815752,18.335337,Tauro,3162.0,3190.0,3239.0,3.08,3.14,3.25,-0.56,-0.5,-0.43,-0.1,-0.09,-0.08,22.09,23.95,25.05
2M04311686+2150252,67.820254,21.840357,Tauro,4826.0,4836.0,4898.0,4.12,4.15,4.2,-0.02,-0.01,0.0,0.06,0.07,0.08,26.02,26.28,26.72
2M04312717+1706249,67.863224,17.106924,Tauro,4340.0,4352.0,4388.0,4.26,4.28,4.32,0.02,0.03,0.04,-0.01,0.0,0.03,24.36,24.51,25.07
2M04314644+2506236,67.943526,25.106571,Tauro,3124.0,3161.0,3213.0,3.72,3.88,4.26,-0.43,-0.2,-0.01,-0.01,0.09,0.12,14.82,16.35,18.77
2M04320926+1757227,68.038622,17.95632,Tauro,4164.0,4175.0,4241.0,4.01,4.04,4.08,0.03,0.04,0.07,-0.04,-0.03,0.0,35.14,35.77,37.22
2M04321583+1801387,68.065987,18.027424,Tauro,4148.0,4158.0,4196.0,3.76,3.83,3.88,-0.07,-0.05,-0.04,-0.01,0.0,0.03,42.42,43.03,43.31
2M04322627+1827521,68.109484,18.464485,Tauro,3062.0,3069.0,3198.0,3.06,3.1,3.17,-0.37,-0.33,-0.28,-0.06,-0.05,-0.02,25.65,26.35,28.37
2M04324373+1802563,68.182217,18.048981,Tauro,4072.0,4086.0,4139.0,4.18,4.23,4.27,0.0,0.05,0.06,-0.04,-0.04,-0.01,14.42,14.64,15.47
2M04325323+1735337,68.221822,17.592718,Tauro,3686.0,3732.0,3792.0,3.72,3.77,3.87,-0.1,-0.06,-0.01,-0.07,-0.06,-0.03,15.09,15.42,16.44
2M04330197+2421000,68.258238,24.350002,Tauro,3046.0,3066.0,3171.0,3.1,3.17,3.23,-0.74,-0.39,-0.34,-0.05,-0.04,0.07,20.48,21.49,23.85
2M04331003+2433433,68.291803,24.56205,Tauro,3883.0,3908.0,3976.75,3.93,4.06,4.14,-0.17,-0.1,-0.07,-0.08,-0.08,-0.05,33.16,34.35,36.25
2M04334298+2235566,68.429117,22.59906,Tauro,3196.0,3216.0,3276.0,3.42,3.47,3.52,-0.12,-0.03,0.01,-0.1,-0.09,-0.08,11.9,13.73,14.57
2M04335283+1803166,68.470136,18.054621,Tauro,3151.0,3159.0,3220.0,2.9,2.91,3.01,-0.69,-0.66,-0.62,-0.07,-0.07,-0.05,24.17,24.52,25.45
2M04341099+2251445,68.545803,22.862373,Tauro,3559.0,3682.0,3855.0,3.53,3.62,3.9,-0.18,-0.04,0.04,-0.1,-0.06,0.08,19.28,20.84,24.38
2M04341662+2331561,68.569265,23.532274,Tauro,6312.0,6367.0,6374.0,4.34,4.39,4.41,-0.43,-0.4,-0.38,-0.12,-0.09,-0.05,24.94,25.34,25.98
2M04344544+2308027,68.689355,23.134085,Tauro,3097.0,3160.0,3243.0,3.58,4.01,4.3,-0.86,-0.65,-0.41,-0.02,0.0,0.03,15.3,15.78,17.28
2M04345693+2258358,68.737218,22.976627,Tauro,3968.0,4042.0,4103.0,3.9,4.0,4.1,-0.07,-0.05,0.03,-0.08,-0.07,-0.03,43.28,43.9,45.16
2M04345923+1733379,68.746813,17.560541,Tauro,3153.0,3167.0,3217.0,2.92,2.96,3.08,-0.77,-0.75,-0.6,-0.01,0.04,0.09,24.44,26.42,28.38
2M04355568+1707395,68.982001,17.127659,Tauro,3127.0,3180.0,3274.0,3.18,3.33,3.58,-0.38,-0.25,-0.07,-0.08,-0.05,-0.01,37.4,40.05,42.46
2M04361600+1803199,69.066698,18.055538,Tauro,3922.0,3933.0,4040.0,4.11,4.14,4.23,-0.06,-0.04,0.01,-0.07,-0.06,-0.03,15.08,15.34,16.64
2M04361909+2542589,69.079551,25.716377,Tauro,4291.0,4303.0,4338.0,3.85,3.93,4.03,-0.06,-0.05,-0.03,-0.01,0.01,0.04,25.91,26.55,27.75
2M04381630+2326402,69.567919,23.444523,Tauro,3102.0,3192.0,3301.0,3.59,3.71,3.91,-0.76,-0.7,-0.44,-0.03,-0.01,0.05,29.1,31.29,34.7
2M04385214+2046505,69.717269,20.780722,Tauro,6283.0,6312.0,6342.0,4.17,4.19,4.23,-0.08,-0.05,-0.04,-0.06,-0.04,-0.02,13.64,14.18,14.29
2M04390940+2324007,69.789184,23.4002,Tauro,3659.0,3705.0,3792.0,3.75,3.89,4.13,-0.2,-0.1,-0.04,-0.06,-0.05,-0.02,13.13,14.72,15.42
2M04405471+2702359,70.22798,27.043324,Tauro,5935.0,5957.0,5988.0,3.71,3.73,3.77,-0.11,-0.1,-0.09,0.02,0.03,0.05,14.14,14.28,14.51
2M04411916+2918176,70.329865,29.304901,Tauro,6088.0,6109.0,6128.0,4.18,4.21,4.23,-0.37,-0.36,-0.34,-0.02,0.0,0.01,14.46,14.56,14.98
2M04450313+2432150,71.263057,24.537514,Tauro,3299.0,3323.0,3408.0,3.72,3.75,3.87,-0.29,-0.25,-0.21,-0.1,-0.09,-0.07,15.07,15.27,16.28
2M04501935+1731149,72.580665,17.520807,Tauro,5961.0,5974.0,6055.0,3.65,3.67,3.78,-0.43,-0.41,-0.39,0.16,0.19,0.22,38.33,38.98,39.78
2M04553695+3017553,73.903982,30.298697,Tauro,4515.0,4540.0,4563.0,3.77,3.79,3.85,-0.11,-0.1,-0.08,0.05,0.07,0.07,24.71,24.87,25.24
2M04565654+1600248,74.235584,16.006907,Tauro,3516.0,3529.0,3612.0,3.8,3.85,3.94,-0.08,0.0,0.01,-0.08,-0.07,-0.04,14.42,14.66,15.56
2M04585773+1600226,74.740543,16.006285,Tauro,5369.0,5388.0,5473.0,4.34,4.37,4.4,-0.18,-0.17,-0.14,0.02,0.04,0.05,13.9,14.17,14.32
2M20145132+3650468,303.713851,36.846355,cygnus,3998.0,4810.0,5641.0,3.19,3.65,4.14,-1.33,-0.55,0.18,-0.43,-0.16,0.16,13.58,24.47,38.07
2M20175964+3751580,304.498505,37.866119,cygnus,4953.0,5071.0,5122.0,2.77,2.8,2.91,0.0,0.07,0.1,-0.14,-0.09,-0.07,14.42,14.54,14.86
2M06315692+0453019,97.987189,4.883886,roseta,3907.0,4989.0,6184.0,3.93,4.38,4.93,-0.84,-0.4,0.29,-0.32,0.08,0.6,16.61,28.9,36.66
2M06325190+0442545,98.216274,4.715162,roseta,4871.0,4878.0,4913.0,3.03,3.04,3.13,-0.16,-0.14,-0.13,-0.14,-0.13,-0.12,24.46,24.68,25.13
2M06353098+0335401,98.879123,3.594476,roseta,4460.0,4474.0,4558.0,3.04,3.05,3.16,-0.32,-0.31,-0.27,0.03,0.05,0.07,23.54,23.71,23.96
2M06390409+0916139,99.767045,9.270547,NGC2264,3972.0,4052.0,4109.0,4.13,4.19,4.28,-0.19,-0.16,-0.13,-0.08,-0.06,-0.04,19.62,19.94,21.25
2M06392200+1006233,99.841699,10.106481,NGC2264,4080.0,4109.0,4150.0,4.15,4.19,4.28,-0.18,-0.15,-0.13,-0.05,-0.03,-0.02,12.81,14.22,14.72
2M06392550+0931394,99.856255,9.527615,NGC2264,3749.0,3761.0,3923.0,3.74,3.78,3.87,-0.53,-0.43,-0.38,-0.14,-0.12,-0.1,19.55,20.39,22.39
2M06393398+0949208,99.891619,9.822465,NGC2264,3851.0,3919.0,3965.0,3.83,3.89,3.95,-0.2,-0.18,-0.15,-0.09,-0.07,-0.05,14.92,15.18,16.34
2M06394147+0946196,99.922815,9.772137,NGC2264,4439.0,4447.0,4525.0,3.67,3.71,3.79,-0.2,-0.19,-0.17,-0.01,0.0,0.01,26.1,26.42,27.94
2M06395368+0908113,99.973671,9.136499,NGC2264,3676.0,3751.0,3795.0,3.74,3.84,4.0,-0.22,-0.18,-0.11,-0.09,-0.07,-0.05,14.38,14.76,15.76
2M06400552+0922260,100.023026,9.373912,NGC2264,3753.0,3770.0,3841.0,4.17,4.24,4.25,-0.2,-0.14,-0.12,-0.1,-0.08,-0.07,15.16,15.74,18.55
2M06401515+1001578,100.063158,10.032732,NGC2264,4221.0,4275.0,4324.0,3.32,3.34,3.47,-0.72,-0.71,-0.68,-0.03,-0.01,0.0,28.59,28.82,29.35
2M06402150+0906030,100.089587,9.10085,NGC2264,3939.0,3984.0,4090.0,4.05,4.18,4.28,-0.43,-0.39,-0.35,-0.11,-0.08,-0.04,13.24,14.39,15.77
2M06402564+0959597,100.106869,9.999926,NGC2264,3241.0,3290.0,3351.0,3.38,3.53,3.69,-0.25,-0.11,0.0,-0.12,-0.11,-0.09,20.3,21.27,23.89
2M06402842+1015002,100.118446,10.250073,NGC2264,3760.0,3770.0,3851.0,4.0,4.14,4.17,-0.19,-0.1,-0.09,-0.07,-0.06,-0.04,18.75,19.01,19.94
2M06403082+1000027,100.128441,10.000764,NGC2264,3064.0,3074.0,3174.0,3.12,3.16,3.22,-0.29,-0.25,-0.23,-0.1,-0.09,-0.07,19.09,19.53,20.63
2M06403332+0958529,100.138858,9.981377,NGC2264,3862.0,3871.0,3946.0,4.15,4.19,4.21,-0.15,-0.1,-0.1,-0.06,-0.06,-0.04,15.08,15.34,16.79
2M06403746+0955212,100.156094,9.922578,NGC2264,3978.0,4043.0,4083.0,4.06,4.14,4.25,-0.22,-0.18,-0.14,-0.05,-0.04,-0.01,17.5,19.04,19.67
2M06404485+0957442,100.18688,9.962293,NGC2264,4165.0,4183.0,4210.0,3.37,3.46,3.54,-0.4,-0.37,-0.35,-0.01,0.0,0.04,19.43,19.58,20.32
2M06404645+0959463,100.19355,9.996213,NGC2264,3948.0,3958.0,4016.75,3.6,3.63,3.7,-0.22,-0.21,-0.18,-0.04,-0.04,0.0,37.5,37.93,38.28
2M06405059+0954573,100.210806,9.91593,NGC2264,4337.0,4351.0,4392.0,3.54,3.58,3.64,-0.48,-0.46,-0.44,0.0,0.01,0.03,19.11,19.24,19.69
2M06410328+0957549,100.263667,9.965272,NGC2264,3876.0,3896.0,3997.0,3.95,4.1,4.13,-0.17,-0.09,-0.07,-0.09,-0.08,-0.06,19.59,20.06,21.63
2M06410417+0952020,100.267408,9.867225,NGC2264,4174.0,4185.0,4228.0,4.0,4.06,4.08,-0.17,-0.14,-0.13,-0.05,-0.04,-0.03,14.65,14.77,15.72
2M06410728+0949566,100.280365,9.832395,NGC2264,3195.0,3205.0,3263.0,2.96,2.99,3.06,-0.67,-0.62,-0.59,-0.04,-0.03,-0.01,19.37,19.56,20.37
2M06412203+0951126,100.341805,9.853523,NGC2264,4123.0,4162.0,4195.0,4.13,4.17,4.25,-0.09,-0.07,-0.05,-0.05,-0.01,0.01,20.14,20.53,21.5
2M06412304+0943266,100.346021,9.724062,NGC2264,3492.0,3533.0,3554.0,3.34,3.35,3.45,-0.27,-0.25,-0.23,-0.09,-0.07,-0.03,42.98,43.92,44.86
2M06415315+0950474,100.471491,9.846503,NGC2264,4184.0,4192.0,4265.0,4.08,4.11,4.13,-0.19,-0.15,-0.14,-0.06,-0.05,-0.02,16.0,16.47,17.86
2M06415578+0939580,100.482457,9.666117,NGC2264,3487.0,3518.0,3564.0,3.69,3.74,3.81,0.0,0.02,0.04,-0.1,-0.08,-0.06,16.88,18.98,19.67
2M06415593+0940468,100.483046,9.679678,NGC2264,3410.0,3452.0,3481.0,3.58,3.66,3.75,-0.27,-0.21,-0.11,-0.09,-0.08,-0.06,15.14,15.47,17.44
2M06420924+0944034,100.538503,9.734289,NGC2264,3929.0,3947.0,4014.0,4.04,4.08,4.12,-0.14,-0.12,-0.09,-0.07,-0.06,-0.04,19.96,20.28,21.51
2M06423050+0909261,100.627109,9.157273,NGC2264,4554.0,4567.0,4608.0,3.37,3.4,3.47,-0.58,-0.57,-0.55,0.08,0.1,0.11,42.17,42.73,42.98
2M06395984+0933416,99.999368,9.561582,NGC2264,4075.0,4098.0,4166.0,4.01,4.13,4.26,-0.04,0.08,0.11,-0.05,-0.03,-0.01,33.22,33.8,34.81
2M06401512+1005515,100.063033,10.097665,NGC2264,3829.0,3863.0,3899.0,4.0,4.1,4.15,-0.15,-0.1,-0.08,-0.07,-0.06,-0.04,26.2,28.04,29.04
2M06410357+1000353,100.264888,10.009828,NGC2264,3451.0,3479.0,3544.0,3.49,3.56,3.67,-0.28,-0.15,-0.12,-0.09,-0.08,-0.06,14.67,14.96,15.92
2M06411159+1002235,100.298293,10.039877,NGC2264,4343.0,4368.0,4382.0,3.74,3.76,3.78,-0.23,-0.21,-0.21,0.02,0.04,0.05,39.05,39.44,39.86
2M06411362+0913534,100.306759,9.231508,NGC2264,3958.0,3967.0,4101.0,3.89,3.96,4.03,-0.14,-0.12,-0.09,-0.09,-0.08,-0.03,20.53,21.13,23.18
2M06413491+1001472,100.395498,10.029802,NGC2264,3547.0,3626.0,3710.0,3.66,3.71,3.79,-0.18,-0.07,0.01,-0.11,-0.09,-0.06,19.64,20.11,21.49
